"module name","license","repository"
"@ampproject/remapping@2.3.0","Apache-2.0","https://github.com/ampproject/remapping"
"@babel/code-frame@7.24.7","MIT","https://github.com/babel/babel"
"@babel/compat-data@7.24.6","MIT","https://github.com/babel/babel"
"@babel/core@7.24.6","MIT","https://github.com/babel/babel"
"@babel/generator@7.24.7","MIT","https://github.com/babel/babel"
"@babel/helper-annotate-as-pure@7.24.7","MIT","https://github.com/babel/babel"
"@babel/helper-builder-binary-assignment-operator-visitor@7.24.6","MIT","https://github.com/babel/babel"
"@babel/helper-compilation-targets@7.24.6","MIT","https://github.com/babel/babel"
"@babel/helper-create-class-features-plugin@7.24.7","MIT","https://github.com/babel/babel"
"@babel/helper-create-regexp-features-plugin@7.24.6","MIT","https://github.com/babel/babel"
"@babel/helper-define-polyfill-provider@0.6.2","MIT","https://github.com/babel/babel-polyfills"
"@babel/helper-environment-visitor@7.24.7","MIT","https://github.com/babel/babel"
"@babel/helper-function-name@7.24.7","MIT","https://github.com/babel/babel"
"@babel/helper-hoist-variables@7.24.7","MIT","https://github.com/babel/babel"
"@babel/helper-member-expression-to-functions@7.24.7","MIT","https://github.com/babel/babel"
"@babel/helper-module-imports@7.24.7","MIT","https://github.com/babel/babel"
"@babel/helper-module-transforms@7.24.6","MIT","https://github.com/babel/babel"
"@babel/helper-optimise-call-expression@7.24.7","MIT","https://github.com/babel/babel"
"@babel/helper-plugin-utils@7.24.7","MIT","https://github.com/babel/babel"
"@babel/helper-remap-async-to-generator@7.24.6","MIT","https://github.com/babel/babel"
"@babel/helper-replace-supers@7.24.7","MIT","https://github.com/babel/babel"
"@babel/helper-simple-access@7.24.6","MIT","https://github.com/babel/babel"
"@babel/helper-skip-transparent-expression-wrappers@7.24.7","MIT","https://github.com/babel/babel"
"@babel/helper-split-export-declaration@7.24.7","MIT","https://github.com/babel/babel"
"@babel/helper-string-parser@7.24.7","MIT","https://github.com/babel/babel"
"@babel/helper-validator-identifier@7.24.7","MIT","https://github.com/babel/babel"
"@babel/helper-validator-option@7.24.7","MIT","https://github.com/babel/babel"
"@babel/helper-wrap-function@7.24.6","MIT","https://github.com/babel/babel"
"@babel/helpers@7.24.6","MIT","https://github.com/babel/babel"
"@babel/highlight@7.24.7","MIT","https://github.com/babel/babel"
"@babel/parser@7.24.7","MIT","https://github.com/babel/babel"
"@babel/plugin-bugfix-firefox-class-in-computed-class-key@7.24.6","MIT","https://github.com/babel/babel"
"@babel/plugin-bugfix-safari-id-destructuring-collision-in-function-expression@7.24.6","MIT","https://github.com/babel/babel"
"@babel/plugin-bugfix-v8-spread-parameters-in-optional-chaining@7.24.6","MIT","https://github.com/babel/babel"
"@babel/plugin-bugfix-v8-static-class-fields-redefine-readonly@7.24.6","MIT","https://github.com/babel/babel"
"@babel/plugin-proposal-async-generator-functions@7.20.7","MIT","https://github.com/babel/babel"
"@babel/plugin-proposal-class-properties@7.18.6","MIT","https://github.com/babel/babel"
"@babel/plugin-proposal-decorators@7.24.7","MIT","https://github.com/babel/babel"
"@babel/plugin-proposal-export-default-from@7.24.6","MIT","https://github.com/babel/babel"
"@babel/plugin-proposal-logical-assignment-operators@7.20.7","MIT","https://github.com/babel/babel"
"@babel/plugin-proposal-nullish-coalescing-operator@7.18.6","MIT","https://github.com/babel/babel"
"@babel/plugin-proposal-numeric-separator@7.18.6","MIT","https://github.com/babel/babel"
"@babel/plugin-proposal-object-rest-spread@7.20.7","MIT","https://github.com/babel/babel"
"@babel/plugin-proposal-optional-catch-binding@7.18.6","MIT","https://github.com/babel/babel"
"@babel/plugin-proposal-optional-chaining@7.21.0","MIT","https://github.com/babel/babel"
"@babel/plugin-proposal-private-property-in-object@7.21.0-placeholder-for-preset-env.2","MIT","https://github.com/babel/babel-plugin-proposal-private-property-in-object"
"@babel/plugin-syntax-async-generators@7.8.4","MIT","https://github.com/babel/babel/tree/master/packages/babel-plugin-syntax-async-generators"
"@babel/plugin-syntax-bigint@7.8.3","MIT","https://github.com/babel/babel/tree/master/packages/babel-plugin-syntax-bigint"
"@babel/plugin-syntax-class-properties@7.12.13","MIT","https://github.com/babel/babel"
"@babel/plugin-syntax-class-static-block@7.14.5","MIT","https://github.com/babel/babel"
"@babel/plugin-syntax-decorators@7.24.7","MIT","https://github.com/babel/babel"
"@babel/plugin-syntax-dynamic-import@7.8.3","MIT","https://github.com/babel/babel/tree/master/packages/babel-plugin-syntax-dynamic-import"
"@babel/plugin-syntax-export-default-from@7.24.6","MIT","https://github.com/babel/babel"
"@babel/plugin-syntax-export-namespace-from@7.8.3","MIT","https://github.com/babel/babel/tree/master/packages/babel-plugin-syntax-export-namespace-from"
"@babel/plugin-syntax-flow@7.24.6","MIT","https://github.com/babel/babel"
"@babel/plugin-syntax-import-assertions@7.24.6","MIT","https://github.com/babel/babel"
"@babel/plugin-syntax-import-attributes@7.24.6","MIT","https://github.com/babel/babel"
"@babel/plugin-syntax-import-meta@7.10.4","MIT","https://github.com/babel/babel"
"@babel/plugin-syntax-json-strings@7.8.3","MIT","https://github.com/babel/babel/tree/master/packages/babel-plugin-syntax-json-strings"
"@babel/plugin-syntax-jsx@7.24.7","MIT","https://github.com/babel/babel"
"@babel/plugin-syntax-logical-assignment-operators@7.10.4","MIT","https://github.com/babel/babel"
"@babel/plugin-syntax-nullish-coalescing-operator@7.8.3","MIT","https://github.com/babel/babel/tree/master/packages/babel-plugin-syntax-nullish-coalescing-operator"
"@babel/plugin-syntax-numeric-separator@7.10.4","MIT","https://github.com/babel/babel"
"@babel/plugin-syntax-object-rest-spread@7.8.3","MIT","https://github.com/babel/babel/tree/master/packages/babel-plugin-syntax-object-rest-spread"
"@babel/plugin-syntax-optional-catch-binding@7.8.3","MIT","https://github.com/babel/babel/tree/master/packages/babel-plugin-syntax-optional-catch-binding"
"@babel/plugin-syntax-optional-chaining@7.8.3","MIT","https://github.com/babel/babel/tree/master/packages/babel-plugin-syntax-optional-chaining"
"@babel/plugin-syntax-private-property-in-object@7.14.5","MIT","https://github.com/babel/babel"
"@babel/plugin-syntax-top-level-await@7.14.5","MIT","https://github.com/babel/babel"
"@babel/plugin-syntax-typescript@7.24.6","MIT","https://github.com/babel/babel"
"@babel/plugin-syntax-unicode-sets-regex@7.18.6","MIT","https://github.com/babel/babel"
"@babel/plugin-transform-arrow-functions@7.24.6","MIT","https://github.com/babel/babel"
"@babel/plugin-transform-async-generator-functions@7.24.6","MIT","https://github.com/babel/babel"
"@babel/plugin-transform-async-to-generator@7.24.6","MIT","https://github.com/babel/babel"
"@babel/plugin-transform-block-scoped-functions@7.24.6","MIT","https://github.com/babel/babel"
"@babel/plugin-transform-block-scoping@7.24.6","MIT","https://github.com/babel/babel"
"@babel/plugin-transform-class-properties@7.24.6","MIT","https://github.com/babel/babel"
"@babel/plugin-transform-class-static-block@7.24.6","MIT","https://github.com/babel/babel"
"@babel/plugin-transform-classes@7.24.6","MIT","https://github.com/babel/babel"
"@babel/plugin-transform-computed-properties@7.24.6","MIT","https://github.com/babel/babel"
"@babel/plugin-transform-destructuring@7.24.6","MIT","https://github.com/babel/babel"
"@babel/plugin-transform-dotall-regex@7.24.6","MIT","https://github.com/babel/babel"
"@babel/plugin-transform-duplicate-keys@7.24.6","MIT","https://github.com/babel/babel"
"@babel/plugin-transform-dynamic-import@7.24.6","MIT","https://github.com/babel/babel"
"@babel/plugin-transform-exponentiation-operator@7.24.6","MIT","https://github.com/babel/babel"
"@babel/plugin-transform-export-namespace-from@7.24.6","MIT","https://github.com/babel/babel"
"@babel/plugin-transform-flow-strip-types@7.24.6","MIT","https://github.com/babel/babel"
"@babel/plugin-transform-for-of@7.24.6","MIT","https://github.com/babel/babel"
"@babel/plugin-transform-function-name@7.24.6","MIT","https://github.com/babel/babel"
"@babel/plugin-transform-json-strings@7.24.6","MIT","https://github.com/babel/babel"
"@babel/plugin-transform-literals@7.24.6","MIT","https://github.com/babel/babel"
"@babel/plugin-transform-logical-assignment-operators@7.24.6","MIT","https://github.com/babel/babel"
"@babel/plugin-transform-member-expression-literals@7.24.6","MIT","https://github.com/babel/babel"
"@babel/plugin-transform-modules-amd@7.24.6","MIT","https://github.com/babel/babel"
"@babel/plugin-transform-modules-commonjs@7.24.6","MIT","https://github.com/babel/babel"
"@babel/plugin-transform-modules-systemjs@7.24.6","MIT","https://github.com/babel/babel"
"@babel/plugin-transform-modules-umd@7.24.6","MIT","https://github.com/babel/babel"
"@babel/plugin-transform-named-capturing-groups-regex@7.24.6","MIT","https://github.com/babel/babel"
"@babel/plugin-transform-new-target@7.24.6","MIT","https://github.com/babel/babel"
"@babel/plugin-transform-nullish-coalescing-operator@7.24.6","MIT","https://github.com/babel/babel"
"@babel/plugin-transform-numeric-separator@7.24.6","MIT","https://github.com/babel/babel"
"@babel/plugin-transform-object-rest-spread@7.24.6","MIT","https://github.com/babel/babel"
"@babel/plugin-transform-object-super@7.24.6","MIT","https://github.com/babel/babel"
"@babel/plugin-transform-optional-catch-binding@7.24.6","MIT","https://github.com/babel/babel"
"@babel/plugin-transform-optional-chaining@7.24.6","MIT","https://github.com/babel/babel"
"@babel/plugin-transform-parameters@7.24.6","MIT","https://github.com/babel/babel"
"@babel/plugin-transform-private-methods@7.24.6","MIT","https://github.com/babel/babel"
"@babel/plugin-transform-private-property-in-object@7.24.6","MIT","https://github.com/babel/babel"
"@babel/plugin-transform-property-literals@7.24.6","MIT","https://github.com/babel/babel"
"@babel/plugin-transform-react-display-name@7.24.7","MIT","https://github.com/babel/babel"
"@babel/plugin-transform-react-jsx-development@7.24.7","MIT","https://github.com/babel/babel"
"@babel/plugin-transform-react-jsx-self@7.24.6","MIT","https://github.com/babel/babel"
"@babel/plugin-transform-react-jsx-source@7.24.6","MIT","https://github.com/babel/babel"
"@babel/plugin-transform-react-jsx@7.24.7","MIT","https://github.com/babel/babel"
"@babel/plugin-transform-react-pure-annotations@7.24.7","MIT","https://github.com/babel/babel"
"@babel/plugin-transform-regenerator@7.24.6","MIT","https://github.com/babel/babel"
"@babel/plugin-transform-reserved-words@7.24.6","MIT","https://github.com/babel/babel"
"@babel/plugin-transform-runtime@7.24.6","MIT","https://github.com/babel/babel"
"@babel/plugin-transform-shorthand-properties@7.24.6","MIT","https://github.com/babel/babel"
"@babel/plugin-transform-spread@7.24.6","MIT","https://github.com/babel/babel"
"@babel/plugin-transform-sticky-regex@7.24.6","MIT","https://github.com/babel/babel"
"@babel/plugin-transform-template-literals@7.24.6","MIT","https://github.com/babel/babel"
"@babel/plugin-transform-typeof-symbol@7.24.6","MIT","https://github.com/babel/babel"
"@babel/plugin-transform-typescript@7.24.6","MIT","https://github.com/babel/babel"
"@babel/plugin-transform-unicode-escapes@7.24.6","MIT","https://github.com/babel/babel"
"@babel/plugin-transform-unicode-property-regex@7.24.6","MIT","https://github.com/babel/babel"
"@babel/plugin-transform-unicode-regex@7.24.6","MIT","https://github.com/babel/babel"
"@babel/plugin-transform-unicode-sets-regex@7.24.6","MIT","https://github.com/babel/babel"
"@babel/preset-env@7.24.6","MIT","https://github.com/babel/babel"
"@babel/preset-flow@7.24.6","MIT","https://github.com/babel/babel"
"@babel/preset-modules@0.1.6-no-external-plugins","MIT","https://github.com/babel/preset-modules"
"@babel/preset-react@7.24.7","MIT","https://github.com/babel/babel"
"@babel/preset-typescript@7.24.6","MIT","https://github.com/babel/babel"
"@babel/register@7.24.6","MIT","https://github.com/babel/babel"
"@babel/regjsgen@0.8.0","MIT","https://github.com/bnjmnt4n/regjsgen"
"@babel/runtime@7.24.6","MIT","https://github.com/babel/babel"
"@babel/template@7.24.7","MIT","https://github.com/babel/babel"
"@babel/traverse@7.24.7","MIT","https://github.com/babel/babel"
"@babel/types@7.24.7","MIT","https://github.com/babel/babel"
"@bcoe/v8-coverage@0.2.3","MIT","https://github.com/demurgos/v8-coverage"
"@egjs/hammerjs@2.0.17","MIT","https://github.com/naver/hammer.js"
"@expo/bunyan@4.0.0","MIT","https://github.com/trentm/node-bunyan"
"@expo/cli@0.18.18","MIT","https://github.com/expo/expo"
"@expo/code-signing-certificates@0.0.5","MIT","https://github.com/expo/code-signing-certificates"
"@expo/config-plugins@8.0.5","MIT","https://github.com/expo/expo"
"@expo/config-types@51.0.0","MIT","https://github.com/expo/expo"
"@expo/config@9.0.1","MIT","https://github.com/expo/expo"
"@expo/devcert@1.1.2","MIT","https://github.com/expo/devcert"
"@expo/env@0.3.0","MIT","https://github.com/expo/expo"
"@expo/image-utils@0.5.1","MIT","https://github.com/expo/expo"
"@expo/json-file@8.3.3","MIT","https://github.com/expo/expo"
"@expo/metro-config@0.18.6","MIT","https://github.com/expo/expo"
"@expo/metro-runtime@3.2.1","MIT","https://github.com/expo/expo"
"@expo/ngrok-bin-linux-x64@2.3.41","UNKNOWN","https://github.com/expo/ngrok"
"@expo/ngrok-bin@2.3.42","UNKNOWN","https://github.com/expo/ngrok"
"@expo/ngrok@4.1.3","BSD-2-Clause","https://github.com/expo/ngrok"
"@expo/osascript@2.1.3","MIT","https://github.com/expo/expo"
"@expo/package-manager@1.5.2","MIT","https://github.com/expo/expo"
"@expo/plist@0.1.3","MIT","https://github.com/expo/expo"
"@expo/prebuild-config@7.0.6","MIT","https://github.com/expo/expo"
"@expo/rudder-sdk-node@1.1.1","MIT","https://github.com/expo/rudder-sdk-node"
"@expo/sdk-runtime-versions@1.0.0","MIT",""
"@expo/server@0.4.2","MIT","https://github.com/expo/expo"
"@expo/spawn-async@1.7.2","MIT","https://github.com/expo/spawn-async"
"@expo/vector-icons@14.0.2","MIT","https://github.com/expo/vector-icons"
"@expo/xcpretty@4.3.1","BSD-3-Clause","https://github.com/expo/expo-cli"
"@google-cloud/firestore@7.8.0","Apache-2.0","https://github.com/googleapis/nodejs-firestore"
"@gorhom/bottom-sheet@4.4.8","MIT","https://github.com/gorhom/react-native-bottom-sheet"
"@gorhom/portal@1.0.14","MIT","https://github.com/gorhom/react-native-portal"
"@graphql-typed-document-node/core@3.2.0","MIT","https://github.com/dotansimha/graphql-typed-document-node"
"@grpc/grpc-js@1.10.9","Apache-2.0","https://github.com/grpc/grpc-node/tree/master/packages/grpc-js"
"@grpc/proto-loader@0.7.13","Apache-2.0","https://github.com/grpc/grpc-node"
"@hapi/hoek@9.3.0","BSD-3-Clause","https://github.com/hapijs/hoek"
"@hapi/topo@5.1.0","BSD-3-Clause","https://github.com/hapijs/topo"
"@ide/backoff@1.0.0","MIT","https://github.com/ide/backoff"
"@isaacs/cliui@8.0.2","ISC","https://github.com/yargs/cliui"
"@isaacs/ttlcache@1.4.1","ISC","https://github.com/isaacs/ttlcache"
"@istanbuljs/load-nyc-config@1.1.0","ISC","https://github.com/istanbuljs/load-nyc-config"
"@istanbuljs/schema@0.1.3","MIT","https://github.com/istanbuljs/schema"
"@jest/console@29.7.0","MIT","https://github.com/jestjs/jest"
"@jest/core@29.7.0","MIT","https://github.com/jestjs/jest"
"@jest/create-cache-key-function@29.7.0","MIT","https://github.com/jestjs/jest"
"@jest/environment@29.7.0","MIT","https://github.com/jestjs/jest"
"@jest/expect-utils@29.7.0","MIT","https://github.com/jestjs/jest"
"@jest/expect@29.7.0","MIT","https://github.com/jestjs/jest"
"@jest/fake-timers@29.7.0","MIT","https://github.com/jestjs/jest"
"@jest/globals@29.7.0","MIT","https://github.com/jestjs/jest"
"@jest/reporters@29.7.0","MIT","https://github.com/jestjs/jest"
"@jest/schemas@29.6.3","MIT","https://github.com/jestjs/jest"
"@jest/source-map@29.6.3","MIT","https://github.com/jestjs/jest"
"@jest/test-result@29.7.0","MIT","https://github.com/jestjs/jest"
"@jest/test-sequencer@29.7.0","MIT","https://github.com/jestjs/jest"
"@jest/transform@29.7.0","MIT","https://github.com/jestjs/jest"
"@jest/types@29.6.3","MIT","https://github.com/jestjs/jest"
"@jridgewell/gen-mapping@0.3.5","MIT","https://github.com/jridgewell/gen-mapping"
"@jridgewell/resolve-uri@3.1.2","MIT","https://github.com/jridgewell/resolve-uri"
"@jridgewell/set-array@1.2.1","MIT","https://github.com/jridgewell/set-array"
"@jridgewell/source-map@0.3.6","MIT","https://github.com/jridgewell/source-map"
"@jridgewell/sourcemap-codec@1.4.15","MIT","https://github.com/jridgewell/sourcemap-codec"
"@jridgewell/trace-mapping@0.3.25","MIT","https://github.com/jridgewell/trace-mapping"
"@js-sdsl/ordered-map@4.4.2","MIT","https://github.com/js-sdsl/js-sdsl"
"@nodelib/fs.scandir@2.1.5","MIT","https://github.com/nodelib/nodelib/tree/master/packages/fs/fs.scandir"
"@nodelib/fs.stat@2.0.5","MIT","https://github.com/nodelib/nodelib/tree/master/packages/fs/fs.stat"
"@nodelib/fs.walk@1.2.8","MIT","https://github.com/nodelib/nodelib/tree/master/packages/fs/fs.walk"
"@npmcli/fs@3.1.1","ISC","https://github.com/npm/fs"
"@pkgjs/parseargs@0.11.0","MIT","https://github.com/pkgjs/parseargs"
"@protobufjs/aspromise@1.1.2","BSD-3-Clause","https://github.com/dcodeIO/protobuf.js"
"@protobufjs/base64@1.1.2","BSD-3-Clause","https://github.com/dcodeIO/protobuf.js"
"@protobufjs/codegen@2.0.4","BSD-3-Clause","https://github.com/dcodeIO/protobuf.js"
"@protobufjs/eventemitter@1.1.0","BSD-3-Clause","https://github.com/dcodeIO/protobuf.js"
"@protobufjs/fetch@1.1.0","BSD-3-Clause","https://github.com/dcodeIO/protobuf.js"
"@protobufjs/float@1.0.2","BSD-3-Clause","https://github.com/dcodeIO/protobuf.js"
"@protobufjs/inquire@1.1.0","BSD-3-Clause","https://github.com/dcodeIO/protobuf.js"
"@protobufjs/path@1.1.2","BSD-3-Clause","https://github.com/dcodeIO/protobuf.js"
"@protobufjs/pool@1.1.0","BSD-3-Clause","https://github.com/dcodeIO/protobuf.js"
"@protobufjs/utf8@1.1.0","BSD-3-Clause","https://github.com/dcodeIO/protobuf.js"
"@radix-ui/react-compose-refs@1.0.0","MIT","https://github.com/radix-ui/primitives"
"@radix-ui/react-slot@1.0.1","MIT","https://github.com/radix-ui/primitives"
"@react-native-async-storage/async-storage@1.23.1","MIT","https://github.com/react-native-async-storage/async-storage"
"@react-native-community/cli-clean@13.6.8","MIT","https://github.com/react-native-community/cli"
"@react-native-community/cli-config@13.6.8","MIT","https://github.com/react-native-community/cli"
"@react-native-community/cli-debugger-ui@13.6.8","MIT","https://github.com/react-native-community/cli"
"@react-native-community/cli-doctor@13.6.8","MIT","https://github.com/react-native-community/cli"
"@react-native-community/cli-hermes@13.6.8","MIT","https://github.com/react-native-community/cli"
"@react-native-community/cli-platform-android@13.6.8","MIT","https://github.com/react-native-community/cli"
"@react-native-community/cli-platform-apple@13.6.8","MIT","https://github.com/react-native-community/cli"
"@react-native-community/cli-platform-ios@13.6.8","MIT","https://github.com/react-native-community/cli"
"@react-native-community/cli-server-api@13.6.8","MIT","https://github.com/react-native-community/cli"
"@react-native-community/cli-tools@13.6.8","MIT","https://github.com/react-native-community/cli"
"@react-native-community/cli-types@13.6.8","MIT","https://github.com/react-native-community/cli"
"@react-native-community/cli@13.6.8","MIT","https://github.com/react-native-community/cli"
"@react-native-community/netinfo@11.3.2","MIT","https://github.com/react-native-netinfo/react-native-netinfo"
"@react-native-picker/picker@2.7.5","MIT","https://github.com/react-native-picker/picker"
"@react-native/assets-registry@0.74.84","MIT","https://github.com/facebook/react-native"
"@react-native/babel-plugin-codegen@0.74.84","MIT","https://github.com/facebook/react-native"
"@react-native/babel-preset@0.74.84","MIT","https://github.com/facebook/react-native"
"@react-native/codegen@0.74.84","MIT","https://github.com/facebook/react-native"
"@react-native/community-cli-plugin@0.74.84","MIT","https://github.com/facebook/react-native"
"@react-native/debugger-frontend@0.74.84","BSD-3-Clause","https://github.com/facebook/react-native"
"@react-native/dev-middleware@0.74.84","MIT","https://github.com/facebook/react-native"
"@react-native/gradle-plugin@0.74.84","MIT","https://github.com/facebook/react-native"
"@react-native/js-polyfills@0.74.84","MIT","https://github.com/facebook/react-native"
"@react-native/metro-babel-transformer@0.74.84","MIT","https://github.com/facebook/react-native"
"@react-native/normalize-colors@0.74.84","MIT","https://github.com/facebook/react-native"
"@react-native/virtualized-lists@0.74.84","MIT","https://github.com/facebook/react-native"
"@react-navigation/bottom-tabs@6.5.20","MIT","https://github.com/react-navigation/react-navigation"
"@react-navigation/core@6.4.16","MIT","https://github.com/react-navigation/react-navigation"
"@react-navigation/elements@1.3.30","MIT","https://github.com/react-navigation/react-navigation"
"@react-navigation/native-stack@6.9.26","MIT","https://github.com/react-navigation/react-navigation"
"@react-navigation/native@6.1.17","MIT","https://github.com/react-navigation/react-navigation"
"@react-navigation/routers@6.1.9","MIT","https://github.com/react-navigation/react-navigation"
"@remix-run/node@2.9.2","MIT","https://github.com/remix-run/remix"
"@remix-run/router@1.16.1","MIT","https://github.com/remix-run/react-router"
"@remix-run/server-runtime@2.9.2","MIT","https://github.com/remix-run/remix"
"@remix-run/web-blob@3.1.0","MIT","https://github.com/remix-run/web-std-io"
"@remix-run/web-fetch@4.4.2","MIT","https://github.com/remix-run/web-std-io"
"@remix-run/web-file@3.1.0","MIT","https://github.com/remix-run/web-std-io"
"@remix-run/web-form-data@3.1.0","MIT","https://github.com/remix-run/web-std-io"
"@remix-run/web-stream@1.1.0","MIT","https://github.com/remix-run/web-std-io"
"@rnx-kit/chromium-edge-launcher@1.0.0","Apache-2.0","https://github.com/microsoft/rnx-kit"
"@segment/loosely-validate-event@2.0.0","MIT*",""
"@sideway/address@4.1.5","BSD-3-Clause","https://github.com/sideway/address"
"@sideway/formula@3.0.1","BSD-3-Clause","https://github.com/sideway/formula"
"@sideway/pinpoint@2.0.0","BSD-3-Clause","https://github.com/sideway/pinpoint"
"@sinclair/typebox@0.27.8","MIT","https://github.com/sinclairzx81/typebox"
"@sindresorhus/is@4.6.0","MIT","https://github.com/sindresorhus/is"
"@sinonjs/commons@3.0.1","BSD-3-Clause","https://github.com/sinonjs/commons"
"@sinonjs/fake-timers@10.3.0","BSD-3-Clause","https://github.com/sinonjs/fake-timers"
"@szmarczak/http-timer@4.0.6","MIT","https://github.com/szmarczak/http-timer"
"@tootallnate/once@2.0.0","MIT","https://github.com/TooTallNate/once"
"@types/babel__core@7.20.5","MIT","https://github.com/DefinitelyTyped/DefinitelyTyped"
"@types/babel__generator@7.6.8","MIT","https://github.com/DefinitelyTyped/DefinitelyTyped"
"@types/babel__template@7.4.4","MIT","https://github.com/DefinitelyTyped/DefinitelyTyped"
"@types/babel__traverse@7.20.6","MIT","https://github.com/DefinitelyTyped/DefinitelyTyped"
"@types/cacheable-request@6.0.3","MIT","https://github.com/DefinitelyTyped/DefinitelyTyped"
"@types/caseless@0.12.5","MIT","https://github.com/DefinitelyTyped/DefinitelyTyped"
"@types/cookie@0.6.0","MIT","https://github.com/DefinitelyTyped/DefinitelyTyped"
"@types/geojson@7946.0.14","MIT","https://github.com/DefinitelyTyped/DefinitelyTyped"
"@types/graceful-fs@4.1.9","MIT","https://github.com/DefinitelyTyped/DefinitelyTyped"
"@types/hammerjs@2.0.45","MIT","https://github.com/DefinitelyTyped/DefinitelyTyped"
"@types/http-cache-semantics@4.0.4","MIT","https://github.com/DefinitelyTyped/DefinitelyTyped"
"@types/istanbul-lib-coverage@2.0.6","MIT","https://github.com/DefinitelyTyped/DefinitelyTyped"
"@types/istanbul-lib-report@3.0.3","MIT","https://github.com/DefinitelyTyped/DefinitelyTyped"
"@types/istanbul-reports@3.0.4","MIT","https://github.com/DefinitelyTyped/DefinitelyTyped"
"@types/jsdom@20.0.1","MIT","https://github.com/DefinitelyTyped/DefinitelyTyped"
"@types/json-schema@7.0.15","MIT","https://github.com/DefinitelyTyped/DefinitelyTyped"
"@types/jsonwebtoken@9.0.6","MIT","https://github.com/DefinitelyTyped/DefinitelyTyped"
"@types/keyv@3.1.4","MIT","https://github.com/DefinitelyTyped/DefinitelyTyped"
"@types/long@4.0.2","MIT","https://github.com/DefinitelyTyped/DefinitelyTyped"
"@types/node-forge@1.3.11","MIT","https://github.com/DefinitelyTyped/DefinitelyTyped"
"@types/node@18.19.34","MIT","https://github.com/DefinitelyTyped/DefinitelyTyped"
"@types/prop-types@15.7.12","MIT","https://github.com/DefinitelyTyped/DefinitelyTyped"
"@types/react-native-vector-icons@6.4.18","MIT","https://github.com/DefinitelyTyped/DefinitelyTyped"
"@types/react-native@0.70.19","MIT","https://github.com/DefinitelyTyped/DefinitelyTyped"
"@types/react-test-renderer@18.3.0","MIT","https://github.com/DefinitelyTyped/DefinitelyTyped"
"@types/react@18.2.79","MIT","https://github.com/DefinitelyTyped/DefinitelyTyped"
"@types/request@2.48.12","MIT","https://github.com/DefinitelyTyped/DefinitelyTyped"
"@types/responselike@1.0.3","MIT","https://github.com/DefinitelyTyped/DefinitelyTyped"
"@types/stack-utils@2.0.3","MIT","https://github.com/DefinitelyTyped/DefinitelyTyped"
"@types/tough-cookie@4.0.5","MIT","https://github.com/DefinitelyTyped/DefinitelyTyped"
"@types/uuid@9.0.8","MIT","https://github.com/DefinitelyTyped/DefinitelyTyped"
"@types/ws@7.4.7","MIT","https://github.com/DefinitelyTyped/DefinitelyTyped"
"@types/yargs-parser@21.0.3","MIT","https://github.com/DefinitelyTyped/DefinitelyTyped"
"@types/yargs@17.0.32","MIT","https://github.com/DefinitelyTyped/DefinitelyTyped"
"@urql/core@2.3.6","MIT","https://github.com/FormidableLabs/urql"
"@urql/exchange-retry@0.3.0","MIT","https://github.com/FormidableLabs/urql"
"@web3-storage/multipart-parser@1.0.0","(Apache-2.0 AND MIT)","https://github.com/web3-storage/multipart-parser"
"@xmldom/xmldom@0.7.13","MIT","https://github.com/xmldom/xmldom"
"@zxing/text-encoding@0.9.0","(Unlicense OR Apache-2.0)","https://github.com/zxing-js/text-encoding"
"abab@2.0.6","BSD-3-Clause","https://github.com/jsdom/abab"
"abort-controller@3.0.0","MIT","https://github.com/mysticatea/abort-controller"
"accepts@1.3.8","MIT","https://github.com/jshttp/accepts"
"acorn-globals@7.0.1","MIT","https://github.com/ForbesLindesay/acorn-globals"
"acorn-walk@8.3.2","MIT","https://github.com/acornjs/acorn"
"acorn@8.11.3","MIT","https://github.com/acornjs/acorn"
"agent-base@6.0.2","MIT","https://github.com/TooTallNate/node-agent-base"
"aggregate-error@3.1.0","MIT","https://github.com/sindresorhus/aggregate-error"
"ajv-formats@2.1.1","MIT","https://github.com/ajv-validator/ajv-formats"
"ajv-keywords@5.1.0","MIT","https://github.com/epoberezkin/ajv-keywords"
"ajv@8.15.0","MIT","https://github.com/ajv-validator/ajv"
"anser@1.4.10","MIT","https://github.com/IonicaBizau/anser"
"ansi-escapes@4.3.2","MIT","https://github.com/sindresorhus/ansi-escapes"
"ansi-fragments@0.2.1","MIT","https://github.com/zamotany/ansi-fragments"
"ansi-regex@5.0.1","MIT","https://github.com/chalk/ansi-regex"
"ansi-styles@3.2.1","MIT","https://github.com/chalk/ansi-styles"
"any-promise@1.3.0","MIT","https://github.com/kevinbeaty/any-promise"
"anymatch@3.1.3","ISC","https://github.com/micromatch/anymatch"
"appdirsjs@1.2.7","MIT","https://github.com/codingjerk/appdirsjs"
"application-config-path@0.1.1","MIT","https://github.com/LinusU/node-application-config-path"
"arg@5.0.2","MIT","https://github.com/vercel/arg"
"argparse@1.0.10","MIT","https://github.com/nodeca/argparse"
"array-buffer-byte-length@1.0.1","MIT","https://github.com/inspect-js/array-buffer-byte-length"
"array-union@2.1.0","MIT","https://github.com/sindresorhus/array-union"
"arraybuffer.prototype.slice@1.0.3","MIT","https://github.com/es-shims/ArrayBuffer.prototype.slice"
"asap@2.0.6","MIT","https://github.com/kriskowal/asap"
"assert@2.1.0","MIT","https://github.com/browserify/commonjs-assert"
"ast-types@0.15.2","MIT","https://github.com/benjamn/ast-types"
"astral-regex@1.0.0","MIT","https://github.com/kevva/astral-regex"
"async-limiter@1.0.1","MIT","https://github.com/strml/async-limiter"
"asynckit@0.4.0","MIT","https://github.com/alexindigo/asynckit"
"at-least-node@1.0.0","ISC","https://github.com/RyanZim/at-least-node"
"available-typed-arrays@1.0.7","MIT","https://github.com/inspect-js/available-typed-arrays"
"axios@1.7.2","MIT","https://github.com/axios/axios"
"babel-core@7.0.0-bridge.0","MIT",""
"babel-jest@29.7.0","MIT","https://github.com/jestjs/jest"
"babel-plugin-istanbul@6.1.1","BSD-3-Clause","https://github.com/istanbuljs/babel-plugin-istanbul"
"babel-plugin-jest-hoist@29.6.3","MIT","https://github.com/jestjs/jest"
"babel-plugin-polyfill-corejs2@0.4.11","MIT","https://github.com/babel/babel-polyfills"
"babel-plugin-polyfill-corejs3@0.10.4","MIT","https://github.com/babel/babel-polyfills"
"babel-plugin-polyfill-regenerator@0.6.2","MIT","https://github.com/babel/babel-polyfills"
"babel-plugin-react-compiler@0.0.0-experimental-938cd9a-20240601","MIT",""
"babel-plugin-react-native-web@0.19.12","MIT","https://github.com/necolas/react-native-web"
"babel-plugin-transform-flow-enums@0.0.2","MIT","https://github.com/facebook/flow"
"babel-preset-current-node-syntax@1.0.1","MIT","https://github.com/nicolo-ribaudo/babel-preset-current-node-syntax"
"babel-preset-expo@11.0.9","MIT","https://github.com/expo/expo"
"babel-preset-jest@29.6.3","MIT","https://github.com/jestjs/jest"
"badgin@1.2.3","MIT","https://github.com/jaulz/badgin"
"balanced-match@1.0.2","MIT","https://github.com/juliangruber/balanced-match"
"base64-js@1.5.1","MIT","https://github.com/beatgammit/base64-js"
"better-opn@3.0.2","MIT","https://github.com/ExiaSR/better-opn"
"big-integer@1.6.52","Unlicense","https://github.com/peterolson/BigInteger.js"
"bignumber.js@9.1.2","MIT","https://github.com/MikeMcl/bignumber.js"
"bl@4.1.0","MIT","https://github.com/rvagg/bl"
"boolbase@1.0.0","ISC","https://github.com/fb55/boolbase"
"bplist-creator@0.1.0","MIT","https://github.com/nearinfinity/node-bplist-creator"
"bplist-parser@0.3.2","MIT","https://github.com/nearinfinity/node-bplist-parser"
"brace-expansion@1.1.11","MIT","https://github.com/juliangruber/brace-expansion"
"braces@3.0.3","MIT","https://github.com/micromatch/braces"
"browserslist@4.23.0","MIT","https://github.com/browserslist/browserslist"
"bser@2.1.1","Apache-2.0","https://github.com/facebook/watchman"
"buffer-alloc-unsafe@1.1.0","MIT","https://github.com/LinusU/buffer-alloc-unsafe"
"buffer-alloc@1.2.0","MIT","https://github.com/LinusU/buffer-alloc"
"buffer-equal-constant-time@1.0.1","BSD-3-Clause","https://github.com/goinstant/buffer-equal-constant-time"
"buffer-fill@1.0.0","MIT","https://github.com/LinusU/buffer-fill"
"buffer-from@1.1.2","MIT","https://github.com/LinusU/buffer-from"
"buffer@5.7.1","MIT","https://github.com/feross/buffer"
"builtins@1.0.3","MIT","https://github.com/juliangruber/builtins"
"bytes@3.0.0","MIT","https://github.com/visionmedia/bytes.js"
"cacache@18.0.3","ISC","https://github.com/npm/cacache"
"cacheable-lookup@5.0.4","MIT","https://github.com/szmarczak/cacheable-lookup"
"cacheable-request@7.0.4","MIT","https://github.com/lukechilds/cacheable-request"
"call-bind@1.0.7","MIT","https://github.com/ljharb/call-bind"
"caller-callsite@2.0.0","MIT","https://github.com/sindresorhus/caller-callsite"
"caller-path@2.0.0","MIT","https://github.com/sindresorhus/caller-path"
"callsites@3.1.0","MIT","https://github.com/sindresorhus/callsites"
"camelcase@5.3.1","MIT","https://github.com/sindresorhus/camelcase"
"caniuse-lite@1.0.30001627","CC-BY-4.0","https://github.com/browserslist/caniuse-lite"
"chalk@2.4.2","MIT","https://github.com/chalk/chalk"
"char-regex@1.0.2","MIT","https://github.com/Richienb/char-regex"
"charenc@0.0.2","BSD-3-Clause","https://github.com/pvorb/node-charenc"
"chownr@2.0.0","ISC","https://github.com/isaacs/chownr"
"chrome-launcher@0.15.2","Apache-2.0","https://github.com/GoogleChrome/chrome-launcher"
"ci-info@3.9.0","MIT","https://github.com/watson/ci-info"
"cjs-module-lexer@1.3.1","MIT","https://github.com/nodejs/cjs-module-lexer"
"clean-stack@2.2.0","MIT","https://github.com/sindresorhus/clean-stack"
"cli-cursor@2.1.0","MIT","https://github.com/sindresorhus/cli-cursor"
"cli-spinners@2.9.2","MIT","https://github.com/sindresorhus/cli-spinners"
"cliui@8.0.1","ISC","https://github.com/yargs/cliui"
"clone-deep@4.0.1","MIT","https://github.com/jonschlinkert/clone-deep"
"clone-response@1.0.3","MIT","https://github.com/sindresorhus/clone-response"
"clone@2.1.2","MIT","https://github.com/pvorb/node-clone"
"co@4.6.0","MIT","https://github.com/tj/co"
"collect-v8-coverage@1.0.2","MIT","https://github.com/SimenB/collect-v8-coverage"
"color-convert@1.9.3","MIT","https://github.com/Qix-/color-convert"
"color-name@1.1.3","MIT","https://github.com/dfcreative/color-name"
"color-string@1.9.1","MIT","https://github.com/Qix-/color-string"
"color@4.2.3","MIT","https://github.com/Qix-/color"
"colorette@1.4.0","MIT","https://github.com/jorgebucaran/colorette"
"combined-stream@1.0.8","MIT","https://github.com/felixge/node-combined-stream"
"command-exists@1.2.9","MIT","https://github.com/mathisonian/command-exists"
"commander@7.2.0","MIT","https://github.com/tj/commander.js"
"commondir@1.0.1","MIT","https://github.com/substack/node-commondir"
"component-type@1.2.2","MIT","https://github.com/sindresorhus/component-type"
"compressible@2.0.18","MIT","https://github.com/jshttp/compressible"
"compression@1.7.4","MIT","https://github.com/expressjs/compression"
"concat-map@0.0.1","MIT","https://github.com/substack/node-concat-map"
"connect@3.7.0","MIT","https://github.com/senchalabs/connect"
"convert-source-map@2.0.0","MIT","https://github.com/thlorenz/convert-source-map"
"cookie-signature@1.2.1","MIT","https://github.com/visionmedia/node-cookie-signature"
"cookie@0.6.0","MIT","https://github.com/jshttp/cookie"
"core-js-compat@3.37.1","MIT","https://github.com/zloirock/core-js"
"core-util-is@1.0.3","MIT","https://github.com/isaacs/core-util-is"
"cosmiconfig@5.2.1","MIT","https://github.com/davidtheclark/cosmiconfig"
"create-jest@29.7.0","MIT","https://github.com/jestjs/jest"
"cross-fetch@3.1.8","MIT","https://github.com/lquixada/cross-fetch"
"cross-spawn@7.0.3","MIT","https://github.com/moxystudio/node-cross-spawn"
"crypt@0.0.2","BSD-3-Clause","https://github.com/pvorb/node-crypt"
"crypto-random-string@2.0.0","MIT","https://github.com/sindresorhus/crypto-random-string"
"css-in-js-utils@3.1.0","MIT","https://github.com/robinweser/css-in-js-utils"
"css-select@5.1.0","BSD-2-Clause","https://github.com/fb55/css-select"
"css-tree@1.1.3","MIT","https://github.com/csstree/csstree"
"css-what@6.1.0","BSD-2-Clause","https://github.com/fb55/css-what"
"cssom@0.5.0","MIT","https://github.com/NV/CSSOM"
"cssstyle@2.3.0","MIT","https://github.com/jsdom/cssstyle"
"csstype@3.1.3","MIT","https://github.com/frenic/csstype"
"dag-map@1.0.2","MIT","https://github.com/krisselden/dag-map"
"data-uri-to-buffer@3.0.1","MIT","https://github.com/TooTallNate/node-data-uri-to-buffer"
"data-urls@3.0.2","MIT","https://github.com/jsdom/data-urls"
"data-view-buffer@1.0.1","MIT","https://github.com/ljharb/data-view-buffer"
"data-view-byte-length@1.0.1","MIT","https://github.com/ljharb/data-view-byte-length"
"data-view-byte-offset@1.0.0","MIT","https://github.com/ljharb/data-view-byte-offset"
"date-fns@3.6.0","MIT","https://github.com/date-fns/date-fns"
"dayjs@1.11.11","MIT","https://github.com/iamkun/dayjs"
"debug@4.3.5","MIT","https://github.com/debug-js/debug"
"decamelize@1.2.0","MIT","https://github.com/sindresorhus/decamelize"
"decimal.js@10.4.3","MIT","https://github.com/MikeMcl/decimal.js"
"decode-uri-component@0.2.2","MIT","https://github.com/SamVerschueren/decode-uri-component"
"decompress-response@6.0.0","MIT","https://github.com/sindresorhus/decompress-response"
"dedent@1.5.3","MIT","https://github.com/dmnd/dedent"
"deep-extend@0.6.0","MIT","https://github.com/unclechu/node-deep-extend"
"deepmerge@4.3.1","MIT","https://github.com/TehShrike/deepmerge"
"default-gateway@4.2.0","BSD-2-Clause","https://github.com/silverwind/default-gateway"
"defaults@1.0.4","MIT","https://github.com/sindresorhus/node-defaults"
"defer-to-connect@2.0.1","MIT","https://github.com/szmarczak/defer-to-connect"
"define-data-property@1.1.4","MIT","https://github.com/ljharb/define-data-property"
"define-lazy-prop@2.0.0","MIT","https://github.com/sindresorhus/define-lazy-prop"
"define-properties@1.2.1","MIT","https://github.com/ljharb/define-properties"
"del@6.1.1","MIT","https://github.com/sindresorhus/del"
"delayed-stream@1.0.0","MIT","https://github.com/felixge/node-delayed-stream"
"denodeify@1.2.1","MIT","https://github.com/matthew-andrews/denodeify"
"depd@2.0.0","MIT","https://github.com/dougwilson/nodejs-depd"
"destroy@1.2.0","MIT","https://github.com/stream-utils/destroy"
"detect-libc@1.0.3","Apache-2.0","https://github.com/lovell/detect-libc"
"detect-newline@3.1.0","MIT","https://github.com/sindresorhus/detect-newline"
"diff-sequences@29.6.3","MIT","https://github.com/jestjs/jest"
"dir-glob@3.0.1","MIT","https://github.com/kevva/dir-glob"
"dom-serializer@2.0.0","MIT","https://github.com/cheeriojs/dom-serializer"
"domelementtype@2.3.0","BSD-2-Clause","https://github.com/fb55/domelementtype"
"domexception@4.0.0","MIT","https://github.com/jsdom/domexception"
"domhandler@5.0.3","BSD-2-Clause","https://github.com/fb55/domhandler"
"domutils@3.1.0","BSD-2-Clause","https://github.com/fb55/domutils"
"dotenv-expand@11.0.6","BSD-2-Clause","https://github.com/motdotla/dotenv-expand"
"dotenv@16.4.5","BSD-2-Clause","https://github.com/motdotla/dotenv"
"duplexify@4.1.3","MIT","https://github.com/mafintosh/duplexify"
"eastasianwidth@0.2.0","MIT","https://github.com/komagata/eastasianwidth"
"ecdsa-sig-formatter@1.0.11","Apache-2.0","https://github.com/Brightspace/node-ecdsa-sig-formatter"
"ee-first@1.1.1","MIT","https://github.com/jonathanong/ee-first"
"electron-to-chromium@1.4.789","ISC","https://github.com/kilian/electron-to-chromium"
"emittery@0.13.1","MIT","https://github.com/sindresorhus/emittery"
"emoji-regex@8.0.0","MIT","https://github.com/mathiasbynens/emoji-regex"
"encodeurl@1.0.2","MIT","https://github.com/pillarjs/encodeurl"
"end-of-stream@1.4.4","MIT","https://github.com/mafintosh/end-of-stream"
"entities@4.5.0","BSD-2-Clause","https://github.com/fb55/entities"
"env-editor@0.4.2","MIT","https://github.com/sindresorhus/env-editor"
"envinfo@7.13.0","MIT","https://github.com/tabrindle/envinfo"
"eol@0.9.1","MIT","https://github.com/ryanve/eol"
"error-ex@1.3.2","MIT","https://github.com/qix-/node-error-ex"
"error-stack-parser@2.1.4","MIT","https://github.com/stacktracejs/error-stack-parser"
"errorhandler@1.5.1","MIT","https://github.com/expressjs/errorhandler"
"es-abstract@1.23.3","MIT","https://github.com/ljharb/es-abstract"
"es-define-property@1.0.0","MIT","https://github.com/ljharb/es-define-property"
"es-errors@1.3.0","MIT","https://github.com/ljharb/es-errors"
"es-object-atoms@1.0.0","MIT","https://github.com/ljharb/es-object-atoms"
"es-set-tostringtag@2.0.3","MIT","https://github.com/es-shims/es-set-tostringtag"
"es-to-primitive@1.2.1","MIT","https://github.com/ljharb/es-to-primitive"
"escalade@3.1.2","MIT","https://github.com/lukeed/escalade"
"escape-html@1.0.3","MIT","https://github.com/component/escape-html"
"escape-string-regexp@4.0.0","MIT","https://github.com/sindresorhus/escape-string-regexp"
"escodegen@2.1.0","BSD-2-Clause","https://github.com/estools/escodegen"
"esprima@4.0.1","BSD-2-Clause","https://github.com/jquery/esprima"
"estraverse@5.3.0","BSD-2-Clause","https://github.com/estools/estraverse"
"esutils@2.0.3","BSD-2-Clause","https://github.com/estools/esutils"
"etag@1.8.1","MIT","https://github.com/jshttp/etag"
"event-target-shim@5.0.1","MIT","https://github.com/mysticatea/event-target-shim"
"exec-async@2.2.0","MIT","https://github.com/ccheever/exec-async"
"execa@1.0.0","MIT","https://github.com/sindresorhus/execa"
"exit@0.1.2","MIT","https://github.com/cowboy/node-exit"
"expect@29.7.0","MIT","https://github.com/jestjs/jest"
"expo-application@5.9.1","MIT","https://github.com/expo/expo"
"expo-asset@10.0.8","MIT","https://github.com/expo/expo"
"expo-blur@13.0.2","MIT","https://github.com/expo/expo"
"expo-camera@15.0.10","MIT","https://github.com/expo/expo"
"expo-constants@16.0.2","MIT","https://github.com/expo/expo"
"expo-device@6.0.2","MIT","https://github.com/expo/expo"
"expo-file-system@17.0.1","MIT","https://github.com/expo/expo"
"expo-font@12.0.7","MIT","https://github.com/expo/expo"
"expo-image-loader@4.7.0","MIT","https://github.com/expo/expo"
"expo-image-manipulator@12.0.5","MIT","https://github.com/expo/expo"
"expo-image-picker@15.0.5","MIT","https://github.com/expo/expo"
"expo-keep-awake@13.0.2","MIT","https://github.com/expo/expo"
"expo-linear-gradient@13.0.2","MIT","https://github.com/expo/expo"
"expo-linking@6.3.1","MIT","https://github.com/expo/expo"
"expo-location@17.0.1","MIT","https://github.com/expo/expo"
"expo-media-library@16.0.3","MIT","https://github.com/expo/expo"
"expo-modules-autolinking@1.11.1","MIT","https://github.com/expo/expo"
"expo-modules-core@1.12.14","MIT","https://github.com/expo/expo"
"expo-notifications@0.28.9","MIT","https://github.com/expo/expo"
"expo-router@3.5.16","MIT","https://github.com/expo/expo"
"expo-splash-screen@0.27.5","MIT","https://github.com/expo/expo"
"expo-status-bar@1.12.1","MIT","https://github.com/expo/expo"
"expo-web-browser@13.0.3","MIT","https://github.com/expo/expo"
"expo@51.0.13","MIT","https://github.com/expo/expo"
"extend@3.0.2","MIT","https://github.com/justmoon/node-extend"
"fast-base64-decode@1.0.0","MIT","https://github.com/LinusU/fast-base64-decode"
"fast-deep-equal@3.1.3","MIT","https://github.com/epoberezkin/fast-deep-equal"
"fast-glob@3.3.2","MIT","https://github.com/mrmlnc/fast-glob"
"fast-json-stable-stringify@2.1.0","MIT","https://github.com/epoberezkin/fast-json-stable-stringify"
"fast-loops@1.1.3","MIT","https://github.com/robinweser/fast-loops"
"fast-uri@2.3.0","MIT","https://github.com/fastify/fast-uri"
"fast-xml-parser@4.4.0","MIT","https://github.com/NaturalIntelligence/fast-xml-parser"
"fastq@1.17.1","ISC","https://github.com/mcollina/fastq"
"fb-watchman@2.0.2","Apache-2.0","https://github.com/facebook/watchman"
"fbemitter@3.0.0","BSD-3-Clause","https://github.com/facebook/emitter"
"fbjs-css-vars@1.0.2","MIT","https://github.com/facebook/fbjs"
"fbjs@3.0.5","MIT","https://github.com/facebook/fbjs"
"fetch-retry@4.1.1","MIT","https://github.com/jonbern/fetch-retry"
"fill-range@7.1.1","MIT","https://github.com/jonschlinkert/fill-range"
"filter-obj@1.1.0","MIT","https://github.com/sindresorhus/filter-obj"
"finalhandler@1.1.2","MIT","https://github.com/pillarjs/finalhandler"
"find-cache-dir@2.1.0","MIT","https://github.com/avajs/find-cache-dir"
"find-up@5.0.0","MIT","https://github.com/sindresorhus/find-up"
"find-yarn-workspace-root@2.0.0","Apache-2.0","https://github.com/square/find-yarn-workspace-root"
"flow-enums-runtime@0.0.6","MIT","https://github.com/facebook/flow"
"flow-parser@0.237.2","MIT","https://github.com/facebook/flow"
"follow-redirects@1.15.6","MIT","https://github.com/follow-redirects/follow-redirects"
"fontfaceobserver@2.3.0","BSD-2-Clause","https://github.com/bramstein/fontfaceobserver"
"for-each@0.3.3","MIT","https://github.com/Raynos/for-each"
"foreground-child@3.2.0","ISC","https://github.com/tapjs/foreground-child"
"form-data@3.0.1","MIT","https://github.com/form-data/form-data"
"freeport-async@2.0.0","MIT","https://github.com/expo/freeport-async"
"fresh@0.5.2","MIT","https://github.com/jshttp/fresh"
"fs-extra@8.1.0","MIT","https://github.com/jprichardson/node-fs-extra"
"fs-minipass@3.0.3","ISC","https://github.com/npm/fs-minipass"
"fs.realpath@1.0.0","ISC","https://github.com/isaacs/fs.realpath"
"function-bind@1.1.2","MIT","https://github.com/Raynos/function-bind"
"function.prototype.name@1.1.6","MIT","https://github.com/es-shims/Function.prototype.name"
"functional-red-black-tree@1.0.1","MIT","https://github.com/mikolalysenko/functional-red-black-tree"
"functions-have-names@1.2.3","MIT","https://github.com/inspect-js/functions-have-names"
"gaxios@6.6.0","Apache-2.0","https://github.com/googleapis/gaxios"
"gcp-metadata@6.1.0","Apache-2.0","https://github.com/googleapis/gcp-metadata"
"gensync@1.0.0-beta.2","MIT","https://github.com/loganfsmyth/gensync"
"get-caller-file@2.0.5","ISC","https://github.com/stefanpenner/get-caller-file"
"get-intrinsic@1.2.4","MIT","https://github.com/ljharb/get-intrinsic"
"get-package-type@0.1.0","MIT","https://github.com/cfware/get-package-type"
"get-port@3.2.0","MIT","https://github.com/sindresorhus/get-port"
"get-stream@4.1.0","MIT","https://github.com/sindresorhus/get-stream"
"get-symbol-description@1.0.2","MIT","https://github.com/inspect-js/get-symbol-description"
"getenv@1.0.0","MIT","https://github.com/ctavan/node-getenv"
"glob-parent@5.1.2","ISC","https://github.com/gulpjs/glob-parent"
"glob@7.2.3","ISC","https://github.com/isaacs/node-glob"
"globals@11.12.0","MIT","https://github.com/sindresorhus/globals"
"globalthis@1.0.4","MIT","https://github.com/ljharb/System.global"
"globby@11.1.0","MIT","https://github.com/sindresorhus/globby"
"google-auth-library@9.10.0","Apache-2.0","https://github.com/googleapis/google-auth-library-nodejs"
"google-gax@4.3.5","Apache-2.0","https://github.com/googleapis/gax-nodejs"
"gopd@1.0.1","MIT","https://github.com/ljharb/gopd"
"got@11.8.6","MIT","https://github.com/sindresorhus/got"
"graceful-fs@4.2.11","ISC","https://github.com/isaacs/node-graceful-fs"
"graphql-tag@2.12.6","MIT","https://github.com/apollographql/graphql-tag"
"graphql@15.8.0","MIT","https://github.com/graphql/graphql-js"
"gtoken@7.1.0","MIT","https://github.com/google/node-gtoken"
"has-bigints@1.0.2","MIT","https://github.com/ljharb/has-bigints"
"has-flag@3.0.0","MIT","https://github.com/sindresorhus/has-flag"
"has-property-descriptors@1.0.2","MIT","https://github.com/inspect-js/has-property-descriptors"
"has-proto@1.0.3","MIT","https://github.com/inspect-js/has-proto"
"has-symbols@1.0.3","MIT","https://github.com/inspect-js/has-symbols"
"has-tostringtag@1.0.2","MIT","https://github.com/inspect-js/has-tostringtag"
"hasown@2.0.2","MIT","https://github.com/inspect-js/hasOwn"
"hermes-estree@0.19.1","MIT","https://github.com/facebook/hermes"
"hermes-parser@0.19.1","MIT","https://github.com/facebook/hermes"
"hermes-profile-transformer@0.0.6","MIT","https://github.com/MLH-Fellowship/hermes-profile-transformer"
"hoist-non-react-statics@3.3.2","BSD-3-Clause","https://github.com/mridgway/hoist-non-react-statics"
"hosted-git-info@3.0.8","ISC","https://github.com/npm/hosted-git-info"
"html-encoding-sniffer@3.0.0","MIT","https://github.com/jsdom/html-encoding-sniffer"
"html-escaper@2.0.2","MIT","https://github.com/WebReflection/html-escaper"
"http-cache-semantics@4.1.1","BSD-2-Clause","https://github.com/kornelski/http-cache-semantics"
"http-errors@2.0.0","MIT","https://github.com/jshttp/http-errors"
"http-proxy-agent@5.0.0","MIT","https://github.com/TooTallNate/node-http-proxy-agent"
"http2-wrapper@1.0.3","MIT","https://github.com/szmarczak/http2-wrapper"
"https-proxy-agent@5.0.1","MIT","https://github.com/TooTallNate/node-https-proxy-agent"
"human-signals@2.1.0","Apache-2.0","https://github.com/ehmicky/human-signals"
"hyphenate-style-name@1.0.5","BSD-3-Clause","https://github.com/rexxars/hyphenate-style-name"
"i18next@20.2.4","MIT","https://github.com/i18next/i18next"
"iconv-lite@0.6.3","MIT","https://github.com/ashtuchkin/iconv-lite"
"ieee754@1.2.1","BSD-3-Clause","https://github.com/feross/ieee754"
"ignore@5.3.1","MIT","https://github.com/kaelzhang/node-ignore"
"image-size@1.1.1","MIT","https://github.com/image-size/image-size"
"import-fresh@2.0.0","MIT","https://github.com/sindresorhus/import-fresh"
"import-local@3.1.0","MIT","https://github.com/sindresorhus/import-local"
"imurmurhash@0.1.4","MIT","https://github.com/jensyt/imurmurhash-js"
"indent-string@4.0.0","MIT","https://github.com/sindresorhus/indent-string"
"inflight@1.0.6","ISC","https://github.com/npm/inflight"
"inherits@2.0.4","ISC","https://github.com/isaacs/inherits"
"ini@1.3.8","ISC","https://github.com/isaacs/ini"
"inline-style-prefixer@6.0.4","MIT","https://github.com/robinweser/inline-style-prefixer"
"internal-ip@4.3.0","MIT","https://github.com/sindresorhus/internal-ip"
"internal-slot@1.0.7","MIT","https://github.com/ljharb/internal-slot"
"invariant@2.2.4","MIT","https://github.com/zertosh/invariant"
"ip-regex@2.1.0","MIT","https://github.com/sindresorhus/ip-regex"
"ipaddr.js@1.9.1","MIT","https://github.com/whitequark/ipaddr.js"
"is-arguments@1.1.1","MIT","https://github.com/inspect-js/is-arguments"
"is-array-buffer@3.0.4","MIT","https://github.com/inspect-js/is-array-buffer"
"is-arrayish@0.2.1","MIT","https://github.com/qix-/node-is-arrayish"
"is-bigint@1.0.4","MIT","https://github.com/inspect-js/is-bigint"
"is-boolean-object@1.1.2","MIT","https://github.com/inspect-js/is-boolean-object"
"is-buffer@1.1.6","MIT","https://github.com/feross/is-buffer"
"is-callable@1.2.7","MIT","https://github.com/inspect-js/is-callable"
"is-core-module@2.13.1","MIT","https://github.com/inspect-js/is-core-module"
"is-data-view@1.0.1","MIT","https://github.com/inspect-js/is-data-view"
"is-date-object@1.0.5","MIT","https://github.com/inspect-js/is-date-object"
"is-directory@0.3.1","MIT","https://github.com/jonschlinkert/is-directory"
"is-docker@2.2.1","MIT","https://github.com/sindresorhus/is-docker"
"is-extglob@2.1.1","MIT","https://github.com/jonschlinkert/is-extglob"
"is-fullwidth-code-point@2.0.0","MIT","https://github.com/sindresorhus/is-fullwidth-code-point"
"is-generator-fn@2.1.0","MIT","https://github.com/sindresorhus/is-generator-fn"
"is-generator-function@1.0.10","MIT","https://github.com/inspect-js/is-generator-function"
"is-glob@4.0.3","MIT","https://github.com/micromatch/is-glob"
"is-interactive@1.0.0","MIT","https://github.com/sindresorhus/is-interactive"
"is-invalid-path@0.1.0","MIT","https://github.com/jonschlinkert/is-invalid-path"
"is-nan@1.3.2","MIT","https://github.com/es-shims/is-nan"
"is-negative-zero@2.0.3","MIT","https://github.com/inspect-js/is-negative-zero"
"is-number-object@1.0.7","MIT","https://github.com/inspect-js/is-number-object"
"is-number@7.0.0","MIT","https://github.com/jonschlinkert/is-number"
"is-path-cwd@2.2.0","MIT","https://github.com/sindresorhus/is-path-cwd"
"is-path-inside@3.0.3","MIT","https://github.com/sindresorhus/is-path-inside"
"is-plain-obj@2.1.0","MIT","https://github.com/sindresorhus/is-plain-obj"
"is-plain-object@2.0.4","MIT","https://github.com/jonschlinkert/is-plain-object"
"is-potential-custom-element-name@1.0.1","MIT","https://github.com/mathiasbynens/is-potential-custom-element-name"
"is-regex@1.1.4","MIT","https://github.com/inspect-js/is-regex"
"is-shared-array-buffer@1.0.3","MIT","https://github.com/inspect-js/is-shared-array-buffer"
"is-stream@2.0.1","MIT","https://github.com/sindresorhus/is-stream"
"is-string@1.0.7","MIT","https://github.com/ljharb/is-string"
"is-symbol@1.0.4","MIT","https://github.com/inspect-js/is-symbol"
"is-typed-array@1.1.13","MIT","https://github.com/inspect-js/is-typed-array"
"is-unicode-supported@0.1.0","MIT","https://github.com/sindresorhus/is-unicode-supported"
"is-valid-path@0.1.1","MIT","https://github.com/jonschlinkert/is-valid-path"
"is-weakref@1.0.2","MIT","https://github.com/inspect-js/is-weakref"
"is-wsl@2.2.0","MIT","https://github.com/sindresorhus/is-wsl"
"isarray@2.0.5","MIT","https://github.com/juliangruber/isarray"
"isexe@2.0.0","ISC","https://github.com/isaacs/isexe"
"isobject@3.0.1","MIT","https://github.com/jonschlinkert/isobject"
"isomorphic-ws@4.0.1","MIT","https://github.com/heineiuo/isomorphic-ws"
"istanbul-lib-coverage@3.2.2","BSD-3-Clause","https://github.com/istanbuljs/istanbuljs"
"istanbul-lib-instrument@6.0.2","BSD-3-Clause","https://github.com/istanbuljs/istanbuljs"
"istanbul-lib-report@3.0.1","BSD-3-Clause","https://github.com/istanbuljs/istanbuljs"
"istanbul-lib-source-maps@4.0.1","BSD-3-Clause","https://github.com/istanbuljs/istanbuljs"
"istanbul-reports@3.1.7","BSD-3-Clause","https://github.com/istanbuljs/istanbuljs"
"jackspeak@3.4.0","BlueOak-1.0.0","https://github.com/isaacs/jackspeak"
"jest-changed-files@29.7.0","MIT","https://github.com/jestjs/jest"
"jest-circus@29.7.0","MIT","https://github.com/jestjs/jest"
"jest-cli@29.7.0","MIT","https://github.com/jestjs/jest"
"jest-config@29.7.0","MIT","https://github.com/jestjs/jest"
"jest-diff@29.7.0","MIT","https://github.com/jestjs/jest"
"jest-docblock@29.7.0","MIT","https://github.com/jestjs/jest"
"jest-each@29.7.0","MIT","https://github.com/jestjs/jest"
"jest-environment-jsdom@29.7.0","MIT","https://github.com/jestjs/jest"
"jest-environment-node@29.7.0","MIT","https://github.com/jestjs/jest"
"jest-expo@51.0.2","MIT","https://github.com/expo/expo"
"jest-get-type@29.6.3","MIT","https://github.com/jestjs/jest"
"jest-haste-map@29.7.0","MIT","https://github.com/jestjs/jest"
"jest-leak-detector@29.7.0","MIT","https://github.com/jestjs/jest"
"jest-matcher-utils@29.7.0","MIT","https://github.com/jestjs/jest"
"jest-message-util@29.7.0","MIT","https://github.com/jestjs/jest"
"jest-mock@29.7.0","MIT","https://github.com/jestjs/jest"
"jest-pnp-resolver@1.2.3","MIT","https://github.com/arcanis/jest-pnp-resolver"
"jest-regex-util@29.6.3","MIT","https://github.com/jestjs/jest"
"jest-resolve-dependencies@29.7.0","MIT","https://github.com/jestjs/jest"
"jest-resolve@29.7.0","MIT","https://github.com/jestjs/jest"
"jest-runner@29.7.0","MIT","https://github.com/jestjs/jest"
"jest-runtime@29.7.0","MIT","https://github.com/jestjs/jest"
"jest-snapshot@29.7.0","MIT","https://github.com/jestjs/jest"
"jest-util@29.7.0","MIT","https://github.com/jestjs/jest"
"jest-validate@29.7.0","MIT","https://github.com/jestjs/jest"
"jest-watch-select-projects@2.0.0","MIT","https://github.com/rogeliog/jest-watch-select-projects"
"jest-watch-typeahead@2.2.1","MIT","https://github.com/jest-community/jest-watch-typeahead"
"jest-watcher@29.7.0","MIT","https://github.com/jestjs/jest"
"jest-worker@29.7.0","MIT","https://github.com/jestjs/jest"
"jest@29.7.0","MIT","https://github.com/jestjs/jest"
"jimp-compact@0.16.1","MIT","https://github.com/nuxt-community/jimp-compact"
"joi@17.13.1","BSD-3-Clause","https://github.com/hapijs/joi"
"join-component@1.1.0","MIT",""
"js-tokens@4.0.0","MIT","https://github.com/lydell/js-tokens"
"js-yaml@3.14.1","MIT","https://github.com/nodeca/js-yaml"
"jsc-android@250231.0.0","BSD-2-Clause","https://github.com/react-native-community/jsc-android-buildscripts"
"jsc-safe-url@0.2.4","0BSD","https://github.com/robhogan/jsc-safe-url"
"jscodeshift@0.14.0","MIT","https://github.com/facebook/jscodeshift"
"jsdom@20.0.3","MIT","https://github.com/jsdom/jsdom"
"jsesc@2.5.2","MIT","https://github.com/mathiasbynens/jsesc"
"json-bigint@1.0.0","MIT","https://github.com/sidorares/json-bigint"
"json-buffer@3.0.1","MIT","https://github.com/dominictarr/json-buffer"
"json-parse-better-errors@1.0.2","MIT","https://github.com/zkat/json-parse-better-errors"
"json-parse-even-better-errors@2.3.1","MIT","https://github.com/npm/json-parse-even-better-errors"
"json-schema-deref-sync@0.13.0","MIT","https://github.com/bojand/json-schema-deref-sync"
"json-schema-traverse@1.0.0","MIT","https://github.com/epoberezkin/json-schema-traverse"
"json5@2.2.3","MIT","https://github.com/json5/json5"
"jsonfile@4.0.0","MIT","https://github.com/jprichardson/node-jsonfile"
"jsonwebtoken@9.0.2","MIT","https://github.com/auth0/node-jsonwebtoken"
"jwa@2.0.0","MIT","https://github.com/brianloveswords/node-jwa"
"jws@4.0.0","MIT","https://github.com/brianloveswords/node-jws"
"keyv@4.5.4","MIT","https://github.com/jaredwray/keyv"
"kind-of@6.0.3","MIT","https://github.com/jonschlinkert/kind-of"
"kleur@3.0.3","MIT","https://github.com/lukeed/kleur"
"leven@3.1.0","MIT","https://github.com/sindresorhus/leven"
"lighthouse-logger@1.4.2","Apache-2.0",""
"lightningcss-linux-x64-gnu@1.19.0","MPL-2.0","https://github.com/parcel-bundler/lightningcss"
"lightningcss-linux-x64-musl@1.19.0","MPL-2.0","https://github.com/parcel-bundler/lightningcss"
"lightningcss@1.19.0","MPL-2.0","https://github.com/parcel-bundler/lightningcss"
"lines-and-columns@1.2.4","MIT","https://github.com/eventualbuddha/lines-and-columns"
"linkifyjs@4.1.3","MIT","https://github.com/Hypercontext/linkifyjs"
"locate-path@6.0.0","MIT","https://github.com/sindresorhus/locate-path"
"lodash-es@4.17.21","MIT","https://github.com/lodash/lodash"
"lodash.camelcase@4.3.0","MIT","https://github.com/lodash/lodash"
"lodash.debounce@4.0.8","MIT","https://github.com/lodash/lodash"
"lodash.includes@4.3.0","MIT","https://github.com/lodash/lodash"
"lodash.isboolean@3.0.3","MIT","https://github.com/lodash/lodash"
"lodash.isequal@4.5.0","MIT","https://github.com/lodash/lodash"
"lodash.isinteger@4.0.4","MIT","https://github.com/lodash/lodash"
"lodash.isnumber@3.0.3","MIT","https://github.com/lodash/lodash"
"lodash.isplainobject@4.0.6","MIT","https://github.com/lodash/lodash"
"lodash.isstring@4.0.1","MIT","https://github.com/lodash/lodash"
"lodash.once@4.1.1","MIT","https://github.com/lodash/lodash"
"lodash.throttle@4.1.1","MIT","https://github.com/lodash/lodash"
"lodash@4.17.21","MIT","https://github.com/lodash/lodash"
"log-symbols@2.2.0","MIT","https://github.com/sindresorhus/log-symbols"
"logkitty@0.7.1","MIT","https://github.com/zamotany/logkitty"
"long@5.2.3","Apache-2.0","https://github.com/dcodeIO/long.js"
"loose-envify@1.4.0","MIT","https://github.com/zertosh/loose-envify"
"lowercase-keys@2.0.0","MIT","https://github.com/sindresorhus/lowercase-keys"
"lru-cache@5.1.1","ISC","https://github.com/isaacs/node-lru-cache"
"make-dir@4.0.0","MIT","https://github.com/sindresorhus/make-dir"
"makeerror@1.0.12","BSD-3-Clause","https://github.com/daaku/nodejs-makeerror"
"marky@1.2.5","Apache-2.0","https://github.com/nolanlawson/marky"
"md5-file@3.2.3","MIT","https://github.com/roryrjb/md5-file"
"md5@2.3.0","BSD-3-Clause","https://github.com/pvorb/node-md5"
"md5hex@1.0.0","MIT","https://github.com/650Industries/md5hex"
"mdn-data@2.0.14","CC0-1.0","https://github.com/mdn/data"
"memoize-one@5.2.1","MIT","https://github.com/alexreardon/memoize-one"
"memory-cache@0.2.0","BSD-2-Clause","https://github.com/ptarjan/node-cache"
"merge-options@3.0.4","MIT","https://github.com/schnittstabil/merge-options"
"merge-stream@2.0.0","MIT","https://github.com/grncdr/merge-stream"
"merge2@1.4.1","MIT","https://github.com/teambition/merge2"
"metro-babel-transformer@0.80.9","MIT","https://github.com/facebook/metro"
"metro-cache-key@0.80.9","MIT","https://github.com/facebook/metro"
"metro-cache@0.80.9","MIT","https://github.com/facebook/metro"
"metro-config@0.80.9","MIT","https://github.com/facebook/metro"
"metro-core@0.80.9","MIT","https://github.com/facebook/metro"
"metro-file-map@0.80.9","MIT","https://github.com/facebook/metro"
"metro-minify-terser@0.80.9","MIT","https://github.com/facebook/metro"
"metro-resolver@0.80.9","MIT","https://github.com/facebook/metro"
"metro-runtime@0.80.9","MIT","https://github.com/facebook/metro"
"metro-source-map@0.80.9","MIT","https://github.com/facebook/metro"
"metro-symbolicate@0.80.9","MIT","https://github.com/facebook/metro"
"metro-transform-plugins@0.80.9","MIT","https://github.com/facebook/metro"
"metro-transform-worker@0.80.9","MIT","https://github.com/facebook/metro"
"metro@0.80.9","MIT","https://github.com/facebook/metro"
"micromatch@4.0.7","MIT","https://github.com/micromatch/micromatch"
"mime-db@1.52.0","MIT","https://github.com/jshttp/mime-db"
"mime-types@2.1.35","MIT","https://github.com/jshttp/mime-types"
"mime@2.6.0","MIT","https://github.com/broofa/mime"
"mimic-fn@1.2.0","MIT","https://github.com/sindresorhus/mimic-fn"
"mimic-response@1.0.1","MIT","https://github.com/sindresorhus/mimic-response"
"minimatch@3.1.2","ISC","https://github.com/isaacs/minimatch"
"minimist@1.2.8","MIT","https://github.com/minimistjs/minimist"
"minipass-collect@2.0.1","ISC","https://github.com/isaacs/minipass-collect"
"minipass-flush@1.0.5","ISC","https://github.com/isaacs/minipass-flush"
"minipass-pipeline@1.2.4","ISC",""
"minipass@7.1.2","ISC","https://github.com/isaacs/minipass"
"minizlib@2.1.2","MIT","https://github.com/isaacs/minizlib"
"mkdirp@0.5.6","MIT","https://github.com/substack/node-mkdirp"
"mrmime@1.0.1","MIT","https://github.com/lukeed/mrmime"
"ms@2.1.2","MIT","https://github.com/zeit/ms"
"mv@2.1.1","MIT","https://github.com/andrewrk/node-mv"
"mz@2.7.0","MIT","https://github.com/normalize/mz"
"nanoid@3.3.7","MIT","https://github.com/ai/nanoid"
"natural-compare@1.4.0","MIT","https://github.com/litejs/natural-compare-lite"
"ncp@2.0.0","MIT","https://github.com/AvianFlu/ncp"
"negotiator@0.6.3","MIT","https://github.com/jshttp/negotiator"
"neo-async@2.6.2","MIT","https://github.com/suguru03/neo-async"
"nested-error-stacks@2.0.1","MIT","https://github.com/mdlavin/nested-error-stacks"
"nice-try@1.0.5","MIT","https://github.com/electerious/nice-try"
"nocache@3.0.4","MIT","https://github.com/helmetjs/nocache"
"node-abort-controller@3.1.1","MIT","https://github.com/southpolesteve/node-abort-controller"
"node-dir@0.1.17","MIT","https://github.com/fshost/node-dir"
"node-fetch@2.7.0","MIT","https://github.com/bitinn/node-fetch"
"node-forge@1.3.1","(BSD-3-Clause OR GPL-2.0)","https://github.com/digitalbazaar/forge"
"node-int64@0.4.0","MIT","https://github.com/broofa/node-int64"
"node-releases@2.0.14","MIT","https://github.com/chicoxyzzy/node-releases"
"node-stream-zip@1.15.0","MIT","https://github.com/antelle/node-stream-zip"
"normalize-path@3.0.0","MIT","https://github.com/jonschlinkert/normalize-path"
"normalize-url@6.1.0","MIT","https://github.com/sindresorhus/normalize-url"
"npm-package-arg@7.0.0","ISC","https://github.com/npm/npm-package-arg"
"npm-run-path@2.0.2","MIT","https://github.com/sindresorhus/npm-run-path"
"nth-check@2.1.1","BSD-2-Clause","https://github.com/fb55/nth-check"
"nullthrows@1.1.1","MIT","https://github.com/zertosh/nullthrows"
"nwsapi@2.2.10","MIT","https://github.com/dperini/nwsapi"
"ob1@0.80.9","MIT","https://github.com/facebook/metro"
"object-assign@4.1.1","MIT","https://github.com/sindresorhus/object-assign"
"object-hash@3.0.0","MIT","https://github.com/puleos/object-hash"
"object-inspect@1.13.1","MIT","https://github.com/inspect-js/object-inspect"
"object-is@1.1.6","MIT","https://github.com/es-shims/object-is"
"object-keys@1.1.1","MIT","https://github.com/ljharb/object-keys"
"object.assign@4.1.5","MIT","https://github.com/ljharb/object.assign"
"on-finished@2.3.0","MIT","https://github.com/jshttp/on-finished"
"on-headers@1.0.2","MIT","https://github.com/jshttp/on-headers"
"once@1.4.0","ISC","https://github.com/isaacs/once"
"onetime@2.0.1","MIT","https://github.com/sindresorhus/onetime"
"open@8.4.2","MIT","https://github.com/sindresorhus/open"
"opencollective-postinstall@2.0.3","MIT","https://github.com/opencollective/opencollective-postinstall"
"ora@3.4.0","MIT","https://github.com/sindresorhus/ora"
"os-homedir@1.0.2","MIT","https://github.com/sindresorhus/os-homedir"
"os-tmpdir@1.0.2","MIT","https://github.com/sindresorhus/os-tmpdir"
"osenv@0.1.5","ISC","https://github.com/npm/osenv"
"p-cancelable@2.1.1","MIT","https://github.com/sindresorhus/p-cancelable"
"p-finally@1.0.0","MIT","https://github.com/sindresorhus/p-finally"
"p-limit@3.1.0","MIT","https://github.com/sindresorhus/p-limit"
"p-locate@5.0.0","MIT","https://github.com/sindresorhus/p-locate"
"p-map@4.0.0","MIT","https://github.com/sindresorhus/p-map"
"p-try@2.2.0","MIT","https://github.com/sindresorhus/p-try"
"parse-json@5.2.0","MIT","https://github.com/sindresorhus/parse-json"
"parse-png@2.1.0","MIT","https://github.com/kevva/parse-png"
"parse5@7.1.2","MIT","https://github.com/inikulin/parse5"
"parseurl@1.3.3","MIT","https://github.com/pillarjs/parseurl"
"password-prompt@1.1.3","0BSD","https://github.com/jdxcode/password-prompt"
"path-exists@4.0.0","MIT","https://github.com/sindresorhus/path-exists"
"path-is-absolute@1.0.1","MIT","https://github.com/sindresorhus/path-is-absolute"
"path-key@3.1.1","MIT","https://github.com/sindresorhus/path-key"
"path-parse@1.0.7","MIT","https://github.com/jbgutierrez/path-parse"
"path-scurry@1.11.1","BlueOak-1.0.0","https://github.com/isaacs/path-scurry"
"path-type@4.0.0","MIT","https://github.com/sindresorhus/path-type"
"path@0.12.7","MIT","https://github.com/jinder/path"
"petfinderclient@1.0.0","UNLICENSED",""
"picocolors@1.0.1","ISC","https://github.com/alexeyraspopov/picocolors"
"picomatch@3.0.1","MIT","https://github.com/micromatch/picomatch"
"pify@4.0.1","MIT","https://github.com/sindresorhus/pify"
"pirates@4.0.6","MIT","https://github.com/danez/pirates"
"pkg-dir@4.2.0","MIT","https://github.com/sindresorhus/pkg-dir"
"plist@3.1.0","MIT","https://github.com/TooTallNate/node-plist"
"pngjs@3.4.0","MIT","https://github.com/lukeapage/pngjs2"
"possible-typed-array-names@1.0.0","MIT","https://github.com/ljharb/possible-typed-array-names"
"postcss-value-parser@4.2.0","MIT","https://github.com/TrySound/postcss-value-parser"
"postcss@8.4.38","MIT","https://github.com/postcss/postcss"
"pretty-bytes@5.6.0","MIT","https://github.com/sindresorhus/pretty-bytes"
"pretty-format@29.7.0","MIT","https://github.com/jestjs/jest"
"process-nextick-args@2.0.1","MIT","https://github.com/calvinmetcalf/process-nextick-args"
"process@0.11.10","MIT","https://github.com/shtylman/node-process"
"progress@2.0.3","MIT","https://github.com/visionmedia/node-progress"
"promise@7.3.1","MIT","https://github.com/then/promise"
"prompts@2.4.2","MIT","https://github.com/terkelg/prompts"
"prop-types@15.8.1","MIT","https://github.com/facebook/prop-types"
"proto3-json-serializer@2.0.2","Apache-2.0","https://github.com/googleapis/proto3-json-serializer-nodejs"
"protobufjs@7.3.0","BSD-3-Clause","https://github.com/protobufjs/protobuf.js"
"proxy-from-env@1.1.0","MIT","https://github.com/Rob--W/proxy-from-env"
"psl@1.9.0","MIT","https://github.com/lupomontero/psl"
"pump@3.0.0","MIT","https://github.com/mafintosh/pump"
"punycode@2.3.1","MIT","https://github.com/mathiasbynens/punycode.js"
"pure-rand@6.1.0","MIT","https://github.com/dubzzz/pure-rand"
"qrcode-terminal@0.11.0","Apache 2.0","https://github.com/gtanner/qrcode-terminal"
"query-string@7.1.3","MIT","https://github.com/sindresorhus/query-string"
"querystring@0.2.1","MIT","https://github.com/Gozala/querystring"
"querystringify@2.2.0","MIT","https://github.com/unshiftio/querystringify"
"queue-microtask@1.2.3","MIT","https://github.com/feross/queue-microtask"
"queue@6.0.2","MIT","https://github.com/jessetane/queue"
"quick-lru@5.1.1","MIT","https://github.com/sindresorhus/quick-lru"
"range-parser@1.2.1","MIT","https://github.com/jshttp/range-parser"
"rc@1.2.8","(BSD-2-Clause OR MIT OR Apache-2.0)","https://github.com/dominictarr/rc"
"react-devtools-core@5.2.0","MIT","https://github.com/facebook/react"
"react-dom@18.2.0","MIT","https://github.com/facebook/react"
"react-fast-compare@3.2.2","MIT","https://github.com/FormidableLabs/react-fast-compare"
"react-freeze@1.0.4","MIT","https://github.com/software-mansion/react-freeze"
"react-hook-form@7.51.5","MIT","https://github.com/react-hook-form/react-hook-form"
"react-is@16.13.1","MIT","https://github.com/facebook/react"
"react-native-elements@3.4.3","MIT","https://github.com/react-native-elements/react-native-elements"
"react-native-gesture-handler@2.16.2","MIT","https://github.com/software-mansion/react-native-gesture-handler"
"react-native-get-random-values@1.11.0","MIT","https://github.com/LinusU/react-native-get-random-values"
"react-native-helmet-async@2.0.4","Apache-2.0","https://github.com/staylor/react-helmet-async"
"react-native-lightbox@0.7.0","MIT","git+https://oblador@github.com/oblador/react-native-lightbox"
"react-native-maps@1.14.0","MIT","https://github.com/react-native-maps/react-native-maps"
"react-native-markdown-package@1.8.2","ISC","https://github.com/andangrd/react-native-markdown-package"
"react-native-ratings@8.0.4","MIT","https://github.com/Monte9/react-native-ratings"
"react-native-reanimated-carousel@3.5.1","MIT","https://github.com/dohooo/react-native-reanimated-carousel"
"react-native-reanimated@3.10.1","MIT","https://github.com/software-mansion/react-native-reanimated"
"react-native-safe-area-context@4.10.1","MIT","https://github.com/th3rdwave/react-native-safe-area-context"
"react-native-screens@3.31.1","MIT","https://github.com/software-mansion/react-native-screens"
"react-native-size-matters@0.3.1","MIT","https://github.com/nirsky/react-native-size-matters"
"react-native-svg@15.3.0","MIT","https://github.com/react-native-community/react-native-svg"
"react-native-url-polyfill@1.3.0","MIT","https://github.com/charpeni/react-native-url-polyfill"
"react-native-vector-icons@10.1.0","MIT","https://github.com/oblador/react-native-vector-icons"
"react-native-web@0.19.12","MIT","https://github.com/necolas/react-native-web"
"react-native@0.74.2","MIT","https://github.com/facebook/react-native"
"react-refresh@0.14.2","MIT","https://github.com/facebook/react"
"react-shallow-renderer@16.15.0","MIT","https://github.com/NMinhNguyen/react-shallow-renderer"
"react-test-renderer@18.2.0","MIT","https://github.com/facebook/react"
"react@18.2.0","MIT","https://github.com/facebook/react"
"readable-stream@3.6.2","MIT","https://github.com/nodejs/readable-stream"
"readline@1.3.0","BSD*","https://github.com/maleck13/readline"
"recast@0.21.5","MIT","https://github.com/benjamn/recast"
"regenerate-unicode-properties@10.1.1","MIT","https://github.com/mathiasbynens/regenerate-unicode-properties"
"regenerate@1.4.2","MIT","https://github.com/mathiasbynens/regenerate"
"regenerator-runtime@0.14.1","MIT","https://github.com/facebook/regenerator/tree/main/packages/runtime"
"regenerator-transform@0.15.2","MIT","https://github.com/facebook/regenerator/tree/main/packages/transform"
"regexp.prototype.flags@1.5.2","MIT","https://github.com/es-shims/RegExp.prototype.flags"
"regexpu-core@5.3.2","MIT","https://github.com/mathiasbynens/regexpu-core"
"regjsparser@0.9.1","BSD-2-Clause","https://github.com/jviereck/regjsparser"
"remove-trailing-slash@0.1.1","MIT","https://github.com/stephenmathieson/remove-trailing-slash"
"require-directory@2.1.1","MIT","https://github.com/troygoode/node-require-directory"
"require-from-string@2.0.2","MIT","https://github.com/floatdrop/require-from-string"
"require-main-filename@2.0.0","ISC","https://github.com/yargs/require-main-filename"
"requireg@0.2.2","MIT","https://github.com/h2non/requireg"
"requires-port@1.0.0","MIT","https://github.com/unshiftio/requires-port"
"resolve-alpn@1.2.1","MIT","https://github.com/szmarczak/resolve-alpn"
"resolve-cwd@3.0.0","MIT","https://github.com/sindresorhus/resolve-cwd"
"resolve-from@5.0.0","MIT","https://github.com/sindresorhus/resolve-from"
"resolve.exports@2.0.2","MIT","https://github.com/lukeed/resolve.exports"
"resolve@1.22.8","MIT","https://github.com/browserify/resolve"
"responselike@2.0.1","MIT","https://github.com/sindresorhus/responselike"
"restore-cursor@2.0.0","MIT","https://github.com/sindresorhus/restore-cursor"
"retry-request@7.0.2","MIT","https://github.com/stephenplusplus/retry-request"
"reusify@1.0.4","MIT","https://github.com/mcollina/reusify"
"rimraf@2.7.1","ISC","https://github.com/isaacs/rimraf"
"run-parallel@1.2.0","MIT","https://github.com/feross/run-parallel"
"safe-array-concat@1.1.2","MIT","https://github.com/ljharb/safe-array-concat"
"safe-buffer@5.2.1","MIT","https://github.com/feross/safe-buffer"
"safe-json-stringify@1.2.0","MIT","https://github.com/debitoor/safe-json-stringify"
"safe-regex-test@1.0.3","MIT","https://github.com/ljharb/safe-regex-test"
"safer-buffer@2.1.2","MIT","https://github.com/ChALkeR/safer-buffer"
"sax@1.4.1","ISC","https://github.com/isaacs/sax-js"
"saxes@6.0.0","ISC","https://github.com/lddubeau/saxes"
"scheduler@0.23.2","MIT","https://github.com/facebook/react"
"schema-utils@4.2.0","MIT","https://github.com/webpack/schema-utils"
"selfsigned@2.4.1","MIT","https://github.com/jfromaniello/selfsigned"
"semver@6.3.1","ISC","https://github.com/npm/node-semver"
"send@0.18.0","MIT","https://github.com/pillarjs/send"
"serialize-error@2.1.0","MIT","https://github.com/sindresorhus/serialize-error"
"serve-static@1.15.0","MIT","https://github.com/expressjs/serve-static"
"set-blocking@2.0.0","ISC","https://github.com/yargs/set-blocking"
"set-cookie-parser@2.6.0","MIT","https://github.com/nfriedly/set-cookie-parser"
"set-function-length@1.2.2","MIT","https://github.com/ljharb/set-function-length"
"set-function-name@2.0.2","MIT","https://github.com/ljharb/set-function-name"
"setimmediate@1.0.5","MIT","https://github.com/YuzuJS/setImmediate"
"setprototypeof@1.2.0","ISC","https://github.com/wesleytodd/setprototypeof"
"shallow-clone@3.0.1","MIT","https://github.com/jonschlinkert/shallow-clone"
"shallowequal@1.1.0","MIT","https://github.com/dashed/shallowequal"
"shebang-command@2.0.0","MIT","https://github.com/kevva/shebang-command"
"shebang-regex@3.0.0","MIT","https://github.com/sindresorhus/shebang-regex"
"shell-quote@1.8.1","MIT","https://github.com/ljharb/shell-quote"
"side-channel@1.0.6","MIT","https://github.com/ljharb/side-channel"
"signal-exit@3.0.7","ISC","https://github.com/tapjs/signal-exit"
"simple-markdown@0.7.3","MIT","https://github.com/Khan/simple-markdown"
"simple-plist@1.3.1","MIT","https://github.com/wollardj/simple-plist"
"simple-swizzle@0.2.2","MIT","https://github.com/qix-/node-simple-swizzle"
"sisteransi@1.0.5","MIT","https://github.com/terkelg/sisteransi"
"slash@3.0.0","MIT","https://github.com/sindresorhus/slash"
"slice-ansi@2.1.0","MIT","https://github.com/chalk/slice-ansi"
"slugify@1.6.6","MIT","https://github.com/simov/slugify"
"source-map-js@1.2.0","BSD-3-Clause","https://github.com/7rulnik/source-map-js"
"source-map-support@0.5.21","MIT","https://github.com/evanw/node-source-map-support"
"source-map@0.7.4","BSD-3-Clause","https://github.com/mozilla/source-map"
"split-on-first@1.1.0","MIT","https://github.com/sindresorhus/split-on-first"
"split@1.0.1","MIT","https://github.com/dominictarr/split"
"sprintf-js@1.0.3","BSD-3-Clause","https://github.com/alexei/sprintf.js"
"ssri@10.0.6","ISC","https://github.com/npm/ssri"
"stack-generator@2.0.10","MIT","https://github.com/stacktracejs/stack-generator"
"stack-utils@2.0.6","MIT","https://github.com/tapjs/stack-utils"
"stackframe@1.3.4","MIT","https://github.com/stacktracejs/stackframe"
"stacktrace-gps@3.1.2","MIT","https://github.com/stacktracejs/stacktrace-gps"
"stacktrace-js@2.0.2","MIT","https://github.com/stacktracejs/stacktrace.js"
"stacktrace-parser@0.1.10","MIT","https://github.com/errwischt/stacktrace-parser"
"statuses@1.5.0","MIT","https://github.com/jshttp/statuses"
"stream-buffers@2.2.0","Unlicense","https://github.com/samcday/node-stream-buffer"
"stream-chat-expo@5.31.1","Custom: https://getstream.io/chat/react-native-chat/tutorial/",""
"stream-chat-react-native-core@5.31.1","Custom: https://getstream.io/chat/react-native-chat/tutorial/","https://github.com/GetStream/stream-chat-react-native"
"stream-chat@8.31.0","Custom: https://getstream.io/chat/","https://github.com/GetStream/stream-chat-js"
"stream-events@1.0.5","MIT","https://github.com/stephenplusplus/stream-events"
"stream-shift@1.0.3","MIT","https://github.com/mafintosh/stream-shift"
"stream-slice@0.1.2","MIT","https://github.com/yorkie/stream-slice"
"strict-uri-encode@2.0.0","MIT","https://github.com/kevva/strict-uri-encode"
"string-length@4.0.2","MIT","https://github.com/sindresorhus/string-length"
"string-width@4.2.3","MIT","https://github.com/sindresorhus/string-width"
"string.prototype.trim@1.2.9","MIT","https://github.com/es-shims/String.prototype.trim"
"string.prototype.trimend@1.0.8","MIT","https://github.com/es-shims/String.prototype.trimEnd"
"string.prototype.trimstart@1.0.8","MIT","https://github.com/es-shims/String.prototype.trimStart"
"string_decoder@1.3.0","MIT","https://github.com/nodejs/string_decoder"
"strip-ansi@6.0.1","MIT","https://github.com/chalk/strip-ansi"
"strip-bom@4.0.0","MIT","https://github.com/sindresorhus/strip-bom"
"strip-eof@1.0.0","MIT","https://github.com/sindresorhus/strip-eof"
"strip-final-newline@2.0.0","MIT","https://github.com/sindresorhus/strip-final-newline"
"strip-json-comments@3.1.1","MIT","https://github.com/sindresorhus/strip-json-comments"
"strnum@1.0.5","MIT","https://github.com/NaturalIntelligence/strnum"
"structured-headers@0.4.1","MIT","https://github.com/evert/structured-header"
"stubs@3.0.0","MIT","https://github.com/stephenplusplus/stubs"
"styleq@0.1.3","MIT","https://github.com/necolas/styleq"
"sucrase@3.34.0","MIT","https://github.com/alangpierce/sucrase"
"sudo-prompt@8.2.5","MIT","https://github.com/jorangreef/sudo-prompt"
"supports-color@5.5.0","MIT","https://github.com/chalk/supports-color"
"supports-hyperlinks@2.3.0","MIT","https://github.com/jamestalmage/supports-hyperlinks"
"supports-preserve-symlinks-flag@1.0.0","MIT","https://github.com/inspect-js/node-supports-preserve-symlinks-flag"
"symbol-tree@3.2.4","MIT","https://github.com/jsdom/js-symbol-tree"
"tar@6.2.1","ISC","https://github.com/isaacs/node-tar"
"teeny-request@9.0.0","Apache-2.0","https://github.com/googleapis/teeny-request"
"temp-dir@2.0.0","MIT","https://github.com/sindresorhus/temp-dir"
"temp@0.8.4","MIT","https://github.com/bruce/node-temp"
"tempy@0.7.1","MIT","https://github.com/sindresorhus/tempy"
"terminal-link@2.1.1","MIT","https://github.com/sindresorhus/terminal-link"
"terser@5.31.1","BSD-2-Clause","https://github.com/terser/terser"
"test-exclude@6.0.0","ISC","https://github.com/istanbuljs/test-exclude"
"text-table@0.2.0","MIT","https://github.com/substack/text-table"
"thenify-all@1.6.0","MIT","https://github.com/thenables/thenify-all"
"thenify@3.3.1","MIT","https://github.com/thenables/thenify"
"throat@5.0.0","MIT","https://github.com/ForbesLindesay/throat"
"through2@2.0.5","MIT","https://github.com/rvagg/through2"
"through@2.3.8","MIT","https://github.com/dominictarr/through"
"tmp@0.0.33","MIT","https://github.com/raszi/node-tmp"
"tmpl@1.0.5","BSD-3-Clause","https://github.com/daaku/nodejs-tmpl"
"to-fast-properties@2.0.0","MIT","https://github.com/sindresorhus/to-fast-properties"
"to-regex-range@5.0.1","MIT","https://github.com/micromatch/to-regex-range"
"toidentifier@1.0.1","MIT","https://github.com/component/toidentifier"
"tough-cookie@4.1.4","BSD-3-Clause","https://github.com/salesforce/tough-cookie"
"tr46@3.0.0","MIT","https://github.com/jsdom/tr46"
"traverse@0.6.9","MIT","https://github.com/ljharb/js-traverse"
"trim-right@1.0.1","MIT","https://github.com/sindresorhus/trim-right"
"ts-interface-checker@0.1.13","Apache-2.0","https://github.com/gristlabs/ts-interface-checker"
"tslib@2.6.2","0BSD","https://github.com/Microsoft/tslib"
"turbo-stream@2.1.0","ISC","https://github.com/jacob-ebey/turbo-stream"
"type-detect@4.0.8","MIT","https://github.com/chaijs/type-detect"
"type-fest@0.21.3","(MIT OR CC0-1.0)","https://github.com/sindresorhus/type-fest"
"typed-array-buffer@1.0.2","MIT","https://github.com/ljharb/typed-array-buffer"
"typed-array-byte-length@1.0.1","MIT","https://github.com/inspect-js/typed-array-byte-length"
"typed-array-byte-offset@1.0.2","MIT","https://github.com/inspect-js/typed-array-byte-offset"
"typed-array-length@1.0.6","MIT","https://github.com/inspect-js/typed-array-length"
"typedarray.prototype.slice@1.0.3","MIT","https://github.com/es-shims/TypedArray.prototype.slice"
"typescript@5.3.3","Apache-2.0","https://github.com/Microsoft/TypeScript"
"ua-parser-js@1.0.38","MIT","https://github.com/faisalman/ua-parser-js"
"unbox-primitive@1.0.2","MIT","https://github.com/ljharb/unbox-primitive"
"undici-types@5.26.5","MIT","https://github.com/nodejs/undici"
"undici@6.18.2","MIT","https://github.com/nodejs/undici"
"unicode-canonical-property-names-ecmascript@2.0.0","MIT","https://github.com/mathiasbynens/unicode-canonical-property-names-ecmascript"
"unicode-match-property-ecmascript@2.0.0","MIT","https://github.com/mathiasbynens/unicode-match-property-ecmascript"
"unicode-match-property-value-ecmascript@2.1.0","MIT","https://github.com/mathiasbynens/unicode-match-property-value-ecmascript"
"unicode-property-aliases-ecmascript@2.1.0","MIT","https://github.com/mathiasbynens/unicode-property-aliases-ecmascript"
"unique-filename@3.0.0","ISC","https://github.com/npm/unique-filename"
"unique-slug@4.0.0","ISC","https://github.com/npm/unique-slug"
"unique-string@2.0.0","MIT","https://github.com/sindresorhus/unique-string"
"universalify@0.1.2","MIT","https://github.com/RyanZim/universalify"
"unpipe@1.0.0","MIT","https://github.com/stream-utils/unpipe"
"update-browserslist-db@1.0.16","MIT","https://github.com/browserslist/update-db"
"url-join@4.0.0","MIT","https://github.com/jfromaniello/url-join"
"url-parse@1.5.10","MIT","https://github.com/unshiftio/url-parse"
"use-latest-callback@0.1.9","MIT","https://github.com/satya164/use-latest-callback"
"util-deprecate@1.0.2","MIT","https://github.com/TooTallNate/util-deprecate"
"util@0.12.5","MIT","https://github.com/browserify/node-util"
"utils-merge@1.0.1","MIT","https://github.com/jaredhanson/utils-merge"
"uuid@9.0.1","MIT","https://github.com/uuidjs/uuid"
"v8-to-istanbul@9.2.0","ISC","https://github.com/istanbuljs/v8-to-istanbul"
"valid-url@1.0.9","MIT*","https://github.com/ogt/valid-url"
"validate-npm-package-name@3.0.0","ISC","https://github.com/npm/validate-npm-package-name"
"vary@1.1.2","MIT","https://github.com/jshttp/vary"
"vlq@1.0.1","MIT","https://github.com/Rich-Harris/vlq"
"w3c-xmlserializer@4.0.0","MIT","https://github.com/jsdom/w3c-xmlserializer"
"walker@1.0.8","Apache-2.0","https://github.com/daaku/nodejs-walker"
"warn-once@0.1.1","MIT","https://github.com/satya164/warn-once"
"wcwidth@1.0.1","MIT","https://github.com/timoxley/wcwidth"
"web-encoding@1.1.5","MIT",""
"web-streams-polyfill@3.3.3","MIT","https://github.com/MattiasBuelens/web-streams-polyfill"
"webidl-conversions@7.0.0","BSD-2-Clause","https://github.com/jsdom/webidl-conversions"
"whatwg-encoding@2.0.0","MIT","https://github.com/jsdom/whatwg-encoding"
"whatwg-fetch@3.6.20","MIT","https://github.com/github/fetch"
"whatwg-mimetype@3.0.0","MIT","https://github.com/jsdom/whatwg-mimetype"
"whatwg-url-without-unicode@8.0.0-3","MIT","https://github.com/charpeni/whatwg-url"
"whatwg-url@11.0.0","MIT","https://github.com/jsdom/whatwg-url"
"which-boxed-primitive@1.0.2","MIT","https://github.com/inspect-js/which-boxed-primitive"
"which-module@2.0.1","ISC","https://github.com/nexdrew/which-module"
"which-typed-array@1.1.15","MIT","https://github.com/inspect-js/which-typed-array"
"which@2.0.2","ISC","https://github.com/isaacs/node-which"
"wonka@4.0.15","MIT","https://github.com/kitten/wonka"
"wrap-ansi@7.0.0","MIT","https://github.com/chalk/wrap-ansi"
"wrappy@1.0.2","ISC","https://github.com/npm/wrappy"
"write-file-atomic@2.4.3","ISC","https://github.com/iarna/write-file-atomic"
"ws@8.17.0","MIT","https://github.com/websockets/ws"
"xcode@3.0.1","Apache-2.0","https://github.com/apache/cordova-node-xcode"
"xml-name-validator@4.0.0","Apache-2.0","https://github.com/jsdom/xml-name-validator"
"xml2js@0.6.0","MIT","https://github.com/Leonidas-from-XIV/node-xml2js"
"xmlbuilder@14.0.0","MIT","https://github.com/oozcitak/xmlbuilder-js"
"xmlchars@2.2.0","MIT","https://github.com/lddubeau/xmlchars"
"xtend@4.0.2","MIT","https://github.com/Raynos/xtend"
"y18n@5.0.8","ISC","https://github.com/yargs/y18n"
"yallist@3.1.1","ISC","https://github.com/isaacs/yallist"
"yaml@1.10.2","ISC","https://github.com/eemeli/yaml"
"yargs-parser@21.1.1","ISC","https://github.com/yargs/yargs-parser"
"yargs@17.7.2","MIT","https://github.com/yargs/yargs"
"yocto-queue@0.1.0","MIT","https://github.com/sindresorhus/yocto-queue"
"zod-validation-error@2.1.0","MIT","https://github.com/causaly/zod-validation-error"
"zod@3.23.8","MIT","https://github.com/colinhacks/zod"